{
"type": "FeatureCollection",
"name": "tcd_admin1",
"crs": { "type": "name", "properties": { "name": "urn:ogc:def:crs:OGC:1.3:CRS84" } },
"features": [
{ "type": "Feature", "properties": { "adm1_name": "BARH EL GAZEL", "adm1_name1": null, "adm1_name2": null, "adm1_name3": null, "adm1_pcode": "TCD19", "adm0_name": "Tchad", "adm0_name1": null, "adm0_name2": null, "adm0_name3": null, "adm0_pcode": "TCD", "valid_on": "2025-02-12", "valid_to": null, "area_sqkm": 50407.837873709999, "version": "v01", "lang": "fr", "lang1": null, "lang2": null, "lang3": null, "center_lat": 14.45182128, "center_lon": 16.89782479 }, "geometry": { "type": "Polygon", "coordinates": [ [ [ 17.586000000000183, 13.760000001000151 ], [ 17.993654001000095, 15.509789001000115 ], [ 17.921372000000133, 15.600427 ], [ 17.853353280000135, 15.72516774800016 ], [ 17.170235080000054, 16.035060154000121 ], [ 16.323107999000172, 15.003612 ], [ 16.094017680000036, 14.543327433000115 ], [ 16.002929797000036, 14.360315132000039 ], [ 15.984687001000168, 14.323662001000059 ], [ 15.910334855000144, 14.268960439000182 ], [ 15.784261713999967, 14.176207264000027 ], [ 15.619000001000131, 14.032000000999972 ], [ 15.607000000000141, 13.878 ], [ 15.602000000000146, 13.749000000000137 ], [ 15.647, 13.735000000000127 ], [ 15.767421477000084, 13.748004834000028 ], [ 15.828946886000153, 13.752505311000164 ], [ 15.889006335000033, 13.737180199000136 ], [ 15.887388940000051, 13.66794351600015 ], [ 15.876000000999966, 13.614 ], [ 15.892000001000099, 13.546000001000095 ], [ 15.920000001000119, 13.499 ], [ 15.934000001000129, 13.450000000000102 ], [ 15.935000246000186, 13.339000098000042 ], [ 15.929, 13.207 ], [ 15.910149577000084, 13.172987296000088 ], [ 15.966138966000187, 13.122 ], [ 15.991138965, 13.08 ], [ 15.998137430000099, 13.04398675300007 ], [ 16.1079655690001, 13.031252881 ], [ 16.179120425000065, 13.023044223999989 ], [ 16.215144813000052, 13.03997758700018 ], [ 16.261136475000058, 13.036021343000016 ], [ 16.361138934000167, 13.050983595000048 ], [ 16.425133266999978, 13.04397748800011 ], [ 16.468140749000042, 13.034007665000047 ], [ 16.493136290000052, 13.054986530000065 ], [ 16.547140625000054, 13.070000665000066 ], [ 16.65529575000005, 13.091011456000047 ], [ 16.762139264000098, 13.08999679600015 ], [ 16.7871237170001, 13.111006926000186 ], [ 16.846143132000066, 13.135934467000084 ], [ 16.900137898000082, 13.109041668000089 ], [ 16.997117679000155, 13.137044371000059 ], [ 17.024140730000056, 13.15694366800011 ], [ 17.063170873000104, 13.136996855000064 ], [ 17.101114098000096, 13.13295884300004 ], [ 17.161144595000053, 13.099009935000083 ], [ 17.241, 13.21 ], [ 17.234, 13.427 ], [ 17.271000001000118, 13.662 ], [ 17.586000000000183, 13.760000001000151 ] ] ] } },
{ "type": "Feature", "properties": { "adm1_name": "BATHA", "adm1_name1": null, "adm1_name2": null, "adm1_name3": null, "adm1_pcode": "TCD01", "adm0_name": "Tchad", "adm0_name1": null, "adm0_name2": null, "adm0_name3": null, "adm0_pcode": "TCD", "valid_on": "2025-02-12", "valid_to": null, "area_sqkm": 91075.256255560002, "version": "v01", "lang": "fr", "lang1": null, "lang2": null, "lang3": null, "center_lat": 14.30598623, "center_lon": 18.88632183 }, "geometry": { "type": "Polygon", "coordinates": [ [ [ 20.044000001000143, 15.661 ], [ 20.043000001000166, 15.742000000000189 ], [ 19.915432001000056, 15.770231001000013 ], [ 19.69945, 15.821667000000161 ], [ 19.565941000000123, 15.833475001000068 ], [ 19.494468001000143, 15.90011 ], [ 19.394667, 16.075747999000157 ], [ 19.340477, 16.108329 ], [ 19.303696617000185, 16.101201721000166 ], [ 19.275925, 16.095841001000167 ], [ 19.279349925000133, 16.03723610000003 ], [ 19.281000001000052, 16.009000001000118 ], [ 19.276127, 15.97474400100009 ], [ 19.270000001000085, 15.9160000010001 ], [ 19.252709500000094, 15.828563 ], [ 19.205679950000103, 15.711813875000018 ], [ 19.090000001000192, 15.545000000000186 ], [ 19.061374192000187, 15.520039460000135 ], [ 18.988310001, 15.456114000000184 ], [ 18.926000000000101, 15.415000000000134 ], [ 18.825866, 15.355853000000138 ], [ 18.655695001000083, 15.313914 ], [ 18.420654001000059, 15.316978001000166 ], [ 18.238308, 15.355853000000138 ], [ 17.993654001000095, 15.509789001000115 ], [ 17.586000000000183, 13.760000001000151 ], [ 17.271000001000118, 13.662 ], [ 17.234, 13.427 ], [ 17.241, 13.21 ], [ 17.161144595000053, 13.099009935000083 ], [ 17.130138966000175, 13.046000000000106 ], [ 17.077138966000064, 13.007000001000051 ], [ 16.997138966000023, 12.937000000000126 ], [ 16.96613896600013, 12.8685 ], [ 17.016117801000178, 12.831989524000051 ], [ 17.054113329000131, 12.815958514000044 ], [ 17.092138966, 12.783000000000129 ], [ 17.113138966000122, 12.735000000000127 ], [ 17.141138966000085, 12.64 ], [ 17.150138965000053, 12.609000001000027 ], [ 17.201138965000041, 12.55700000000013 ], [ 17.254142227999978, 12.501005569000142 ], [ 17.293142932000023, 12.48701104800017 ], [ 17.295138965000035, 12.406000000000176 ], [ 17.310138965000021, 12.346000000000117 ], [ 17.340120322000075, 12.2999921870001 ], [ 17.388148725000178, 12.270015614000044 ], [ 17.408138966000138, 12.229 ], [ 17.411138966000181, 12.184000001000129 ], [ 17.446158499000035, 12.155006145000129 ], [ 17.50411681800017, 12.157955508000043 ], [ 17.552143505000117, 12.132996576000096 ], [ 17.598139645000174, 12.125003911000022 ], [ 17.567000000000178, 12.199000000000183 ], [ 17.608000001000164, 12.239000001000022 ], [ 17.66800000000012, 12.267500000999974 ], [ 17.882000001000051, 12.446000001000186 ], [ 18.018, 12.452 ], [ 18.065000000000168, 12.452 ], [ 18.095, 12.486000000000161 ], [ 18.330000000999974, 12.618000000000166 ], [ 18.473868314000072, 12.69195647500004 ], [ 18.501000001000079, 12.693000000000154 ], [ 18.990000001000055, 12.689000000000135 ], [ 19.103000001000055, 12.694000000000131 ], [ 19.18796101099997, 12.693205633 ], [ 19.205384456, 12.711865141000089 ], [ 19.360000000000184, 12.798 ], [ 19.601000000000113, 12.939 ], [ 19.683, 12.982 ], [ 19.777, 13.03100000000012 ], [ 19.910000001000014, 12.986 ], [ 19.993000001000098, 12.957000000999983 ], [ 20.045000000000186, 12.935 ], [ 20.331000001000064, 13.001 ], [ 20.357, 13.020000001000085 ], [ 20.357727249000106, 13.059000001000072 ], [ 20.368763229000024, 13.345378489000097 ], [ 20.365573553000047, 13.419647946000168 ], [ 20.347740780000095, 13.456057015000056 ], [ 20.302482583000085, 13.545628614000179 ], [ 20.279700975000026, 13.581980362000024 ], [ 20.268255396000086, 13.621705032000079 ], [ 20.273548418000132, 13.651267028000177 ], [ 20.277644828000177, 13.678079836 ], [ 20.293929227000092, 13.758222346000082 ], [ 20.264733623999973, 13.831153194000137 ], [ 20.229428118000044, 13.852106742000103 ], [ 20.0560051490001, 13.957248041000071 ], [ 20.062000964000163, 14.082392471 ], [ 20.056885993000151, 14.529579990000116 ], [ 20.044000001000143, 15.661 ] ] ] } },
{ "type": "Feature", "properties": { "adm1_name": "BORKOU", "adm1_name1": null, "adm1_name2": null, "adm1_name3": null, "adm1_pcode": "TCD02", "adm0_name": "Tchad", "adm0_name1": null, "adm0_name2": null, "adm0_name3": null, "adm0_pcode": "TCD", "valid_on": "2025-02-12", "valid_to": null, "area_sqkm": 148533.62427919, "version": "v01", "lang": "fr", "lang1": null, "lang2": null, "lang3": null, "center_lat": 17.07812114, "center_lon": 18.08666469 }, "geometry": { "type": "Polygon", "coordinates": [ [ [ 19.350125816000116, 18.48797192000012 ], [ 19.189557239000067, 18.648599841000078 ], [ 18.897731940000085, 18.667820676000133 ], [ 18.775146759000108, 18.826159866000012 ], [ 17.705467232000046, 18.821224018 ], [ 16.518049937000058, 18.816509508000024 ], [ 15.530971409000017, 16.707053350000024 ], [ 16.099142001000075, 16.515639027000077 ], [ 16.693782000000112, 16.245781028000124 ], [ 17.033654455000033, 16.097010747000127 ], [ 17.170235080000054, 16.035060154000121 ], [ 17.853353280000135, 15.72516774800016 ], [ 17.921372000000133, 15.600427 ], [ 17.993654001000095, 15.509789001000115 ], [ 18.238308, 15.355853000000138 ], [ 18.420654001000059, 15.316978001000166 ], [ 18.655695001000083, 15.313914 ], [ 18.825866, 15.355853000000138 ], [ 18.926000000000101, 15.415000000000134 ], [ 18.988310001, 15.456114000000184 ], [ 19.061374192000187, 15.520039460000135 ], [ 19.090000001000192, 15.545000000000186 ], [ 19.205679950000103, 15.711813875000018 ], [ 19.252709500000094, 15.828563 ], [ 19.270000001000085, 15.9160000010001 ], [ 19.276127, 15.97474400100009 ], [ 19.281000001000052, 16.009000001000118 ], [ 19.279349925000133, 16.03723610000003 ], [ 19.275925, 16.095841001000167 ], [ 19.303696617000185, 16.101201721000166 ], [ 19.340477, 16.108329 ], [ 19.394667, 16.075747999000157 ], [ 19.494468001000143, 15.90011 ], [ 19.565941000000123, 15.833475001000068 ], [ 19.69945, 15.821667000000161 ], [ 19.915432001000056, 15.770231001000013 ], [ 20.043000001000166, 15.742000000000189 ], [ 20.097619, 15.727403001000084 ], [ 20.251534001000039, 15.631045 ], [ 20.319709001000035, 15.618037000000129 ], [ 20.40362361800004, 15.640819546000102 ], [ 20.496238001000052, 15.654044001000159 ], [ 20.547545937000109, 15.628485978000128 ], [ 20.633279391000031, 15.70333429100009 ], [ 20.744837001000064, 15.800356001000182 ], [ 20.570491324000159, 16.262315660000013 ], [ 20.401376514000106, 16.710999970999978 ], [ 20.424892123000063, 16.824759225000093 ], [ 20.461854479000124, 16.992922122000039 ], [ 20.465379280000036, 17.039700600000174 ], [ 20.472068902, 17.116541674000075 ], [ 20.495938779000141, 17.390725578000115 ], [ 20.543737001000125, 17.939765 ], [ 20.513274000000138, 18.02432600100019 ], [ 19.801398653000035, 18.011877780000077 ], [ 19.350125816000116, 18.48797192000012 ] ] ] } },
{ "type": "Feature", "properties": { "adm1_name": "CHARI BAGUIRMI", "adm1_name1": null, "adm1_name2": null, "adm1_name3": null, "adm1_pcode": "TCD03", "adm0_name": "Tchad", "adm0_name1": null, "adm0_name2": null, "adm0_name3": null, "adm0_pcode": "TCD", "valid_on": "2025-02-12", "valid_to": null, "area_sqkm": 45843.680589230004, "version": "v01", "lang": "fr", "lang1": null, "lang2": null, "lang3": null, "center_lat": 11.10323565, "center_lon": 16.37477972 }, "geometry": { "type": "Polygon", "coordinates": [ [ [ 15.471814942000037, 12.255086646000109 ], [ 15.442664966000109, 12.283022 ], [ 15.404138966000119, 12.322000000000173 ], [ 15.37317830500001, 12.362947971000096 ], [ 15.354672967000113, 12.339022000999989 ], [ 15.329176935000191, 12.318933765000054 ], [ 15.301841953000121, 12.298730015000103 ], [ 15.259523112000124, 12.276410908 ], [ 15.211608936000118, 12.257644173000074 ], [ 15.171061522000059, 12.247692819000179 ], [ 15.124731951, 12.240758325 ], [ 15.079464754000128, 12.229773599000112 ], [ 15.121204134000095, 12.199096716000042 ], [ 15.151849979000076, 12.172099365000122 ], [ 15.160180437000122, 12.131958683000107 ], [ 15.184820297999977, 12.100701613000069 ], [ 15.179377795999983, 12.067723377000107 ], [ 15.167511079, 12.02462113100006 ], [ 15.13287992100004, 12.015114303000189 ], [ 15.107914016, 12.012423516000013 ], [ 15.083876798000176, 12.020333628000117 ], [ 15.054365208000149, 12.033533371999965 ], [ 15.060728738000137, 12.006243508000125 ], [ 15.081367949000139, 11.990279875000112 ], [ 15.053686830000117, 11.970266499000104 ], [ 15.057554896000056, 11.931837366000025 ], [ 15.040031207000141, 11.906607895000036 ], [ 15.046748530000173, 11.876955453000107 ], [ 15.074397096000041, 11.851419840000119 ], [ 15.096576808000066, 11.831328832000111 ], [ 15.110862170000075, 11.799094918000094 ], [ 15.09077013700005, 11.766037586000152 ], [ 15.098454341000092, 11.735342362999972 ], [ 15.070798062000165, 11.723559942000065 ], [ 15.075056836000101, 11.692568960000017 ], [ 15.080052082000066, 11.664747928999986 ], [ 15.083328278000067, 11.636294408000026 ], [ 15.097761163000087, 11.60675524200002 ], [ 15.124139516000128, 11.575886129000082 ], [ 15.141052394000099, 11.555079279000154 ], [ 15.129441642000074, 11.519512489000022 ], [ 15.103792959000032, 11.488886328000092 ], [ 15.084479953000027, 11.458543675000158 ], [ 15.06531050000018, 11.423468226000125 ], [ 15.059241835000137, 11.399134754000045 ], [ 15.058971789000168, 11.358914054000024 ], [ 15.066832161000036, 11.330733653000095 ], [ 15.058156363000023, 11.299107367999966 ], [ 15.042262688000108, 11.264646546000108 ], [ 15.035964625000076, 11.237316037000141 ], [ 15.030066280000085, 11.212060122000082 ], [ 15.034735006000062, 11.168244568000148 ], [ 15.032128355000111, 11.131880974000183 ], [ 15.038647585000035, 11.092471293000187 ], [ 15.081326915000091, 11.12096345100008 ], [ 15.231000001999973, 11.208999999000127 ], [ 15.397000000999981, 11.212000000000103 ], [ 15.408, 11.181000001000086 ], [ 15.421000001000152, 11.114 ], [ 15.438000001000034, 11.061000001000025 ], [ 15.472594992000097, 11.029357982000022 ], [ 15.503064823000102, 11.008628337 ], [ 15.534220771000093, 10.973444432000065 ], [ 15.542183122000154, 10.941706121000095 ], [ 15.567750840000031, 10.924351732000105 ], [ 15.600058809000018, 10.909076218000109 ], [ 15.642961501000116, 10.904126674 ], [ 15.668409589000191, 10.887278833000039 ], [ 15.691577918000178, 10.874017029000186 ], [ 15.713053165000076, 10.854125999000189 ], [ 15.739767003000054, 10.831117612000071 ], [ 15.779396964000171, 10.808413194000025 ], [ 15.819185056000151, 10.798280628000043 ], [ 15.845824225000058, 10.789714766000088 ], [ 15.875536196000098, 10.781058565000023 ], [ 15.901608009000142, 10.774779505000083 ], [ 15.936732751000079, 10.780141752000077 ], [ 15.968506788000184, 10.777906264000023 ], [ 16.006639152000105, 10.777741494000111 ], [ 16.031135059000121, 10.764969392000069 ], [ 16.052393293000137, 10.754944678000186 ], [ 16.12314037900012, 10.759792757000127 ], [ 16.139462128000105, 10.740630747000068 ], [ 16.149000001000161, 10.707000001000097 ], [ 16.121, 10.465000001000021 ], [ 16.122999499, 10.382 ], [ 16.129, 10.314000001000068 ], [ 16.151809540000158, 10.282147174000045 ], [ 16.174, 10.265000001000146 ], [ 16.187143997000135, 10.22753437800003 ], [ 16.207285555000055, 10.203884131000166 ], [ 16.233984888, 10.190969195000037 ], [ 16.483000001000107, 10.2 ], [ 16.584000001, 10.265 ], [ 16.611735054, 10.229876424000054 ], [ 16.617964381000036, 10.182084236000037 ], [ 16.632469955000147, 10.140001310000116 ], [ 16.646958701000074, 10.106146233000118 ], [ 16.668821356000024, 10.070047763000105 ], [ 16.703123466000136, 10.066506208000078 ], [ 16.737831848999974, 10.053094825000187 ], [ 16.756976236000128, 10.032526079999968 ], [ 16.775167888, 10.012183255000025 ], [ 16.809999282000035, 10.013999915000056 ], [ 16.850000001000069, 10.002 ], [ 16.891180256000041, 9.99147133200006 ], [ 16.921030007000013, 9.975772597000059 ], [ 16.941957498000079, 9.945135066999967 ], [ 16.972810304000063, 9.948850064000112 ], [ 17.039989839000043, 9.945000631000028 ], [ 17.098000000000184, 9.931000000999973 ], [ 17.164000000000158, 9.920000001000062 ], [ 17.188000000000159, 9.871 ], [ 17.218000001000178, 9.857 ], [ 17.256000501000187, 9.839999999000042 ], [ 17.322000750000086, 9.826999996000097 ], [ 17.38187857600019, 9.825550066000062 ], [ 17.489000001000022, 10.172000001000129 ], [ 17.542999931000111, 10.45100005300003 ], [ 17.449000001000115, 10.522000000000105 ], [ 17.383, 10.537 ], [ 17.327, 10.574000001000172 ], [ 17.352000001000079, 10.671000000000106 ], [ 17.363000000999989, 10.795 ], [ 17.36, 10.935 ], [ 17.34500000100013, 11.029 ], [ 17.329000000000121, 11.075000000000102 ], [ 17.305957184000135, 11.24211632600003 ], [ 17.311415847000148, 11.3047873860001 ], [ 17.335143364000032, 11.472009085000138 ], [ 17.240125831000171, 11.517972748000091 ], [ 17.170124956000166, 11.55197207100008 ], [ 17.139126266, 11.566003234000107 ], [ 17.088148031000117, 11.627015256 ], [ 17.019112452000059, 11.667959053000118 ], [ 16.906137856000043, 11.683979899000178 ], [ 16.858155599000042, 11.67601931500019 ], [ 16.826138966000144, 11.72600000000017 ], [ 16.812138965000031, 11.823 ], [ 16.797138966000148, 11.874 ], [ 16.790148357000021, 11.904015430000015 ], [ 16.744126924999989, 11.931992684000079 ], [ 16.708138967000082, 11.995000000000118 ], [ 16.713138965000041, 12.043000001000166 ], [ 16.725138965000156, 12.133000001000141 ], [ 16.695138966000115, 12.198 ], [ 16.666143497000064, 12.2290117 ], [ 16.49312683, 12.295971867000162 ], [ 16.450138022999965, 12.304989467000041 ], [ 16.302129216000139, 12.353964577 ], [ 16.054800144000012, 12.322728253000093 ], [ 15.977038975000085, 12.334799948000182 ], [ 15.948821357000043, 12.334726002000082 ], [ 15.910365342999967, 12.334233103000088 ], [ 15.826932892000116, 12.33336494800011 ], [ 15.684146869000074, 12.337982032000184 ], [ 15.659283728000162, 12.324501172000168 ], [ 15.631610481000109, 12.309437511000169 ], [ 15.56557519100005, 12.271708342000125 ], [ 15.504024898000068, 12.223074995000047 ], [ 15.471814942000037, 12.255086646000109 ] ] ] } },
{ "type": "Feature", "properties": { "adm1_name": "ENNEDI EST", "adm1_name1": null, "adm1_name2": null, "adm1_name3": null, "adm1_pcode": "TCD20", "adm0_name": "Tchad", "adm0_name1": null, "adm0_name2": null, "adm0_name3": null, "adm0_pcode": "TCD", "valid_on": "2025-02-12", "valid_to": null, "area_sqkm": 83574.061454330003, "version": "v01", "lang": "fr", "lang1": null, "lang2": null, "lang3": null, "center_lat": 17.88739312, "center_lon": 23.18031726 }, "geometry": { "type": "Polygon", "coordinates": [ [ [ 24.003309033000164, 15.818664129000126 ], [ 24.003140658000177, 15.916076951000036 ], [ 24.004578488000107, 16.040176848000158 ], [ 24.00528943900008, 16.094547077000072 ], [ 24.007536071000118, 16.609818268000083 ], [ 24.008993953000129, 16.98214078400008 ], [ 24.004246359000092, 17.639846884 ], [ 24.004013388000089, 17.694044064000082 ], [ 24.003450993000172, 17.812667234000116 ], [ 24.003371742000127, 18.017052746000104 ], [ 24.004312332000097, 18.198432622000041 ], [ 24.004719406000049, 18.260141670000053 ], [ 24.004819101000066, 18.343872967000152 ], [ 24.005126567000104, 18.413572272000067 ], [ 24.005637498000169, 18.584700560000101 ], [ 24.005652384000143, 18.662280174000045 ], [ 24.005551443000058, 18.71506496500001 ], [ 24.005249724000066, 18.861409367000078 ], [ 24.004112714000144, 19.309913035000079 ], [ 24.004372655000054, 19.498068634999981 ], [ 23.954018140000073, 19.523494292000066 ], [ 23.897260386000028, 19.552163391000136 ], [ 23.116272847000175, 19.940497519000075 ], [ 23.014706593000142, 19.991399290000061 ], [ 22.335483816000021, 20.328360776000125 ], [ 22.35767799700011, 17.962118999000154 ], [ 22.350163996, 16.755896999000072 ], [ 22.328024997000114, 16.700155999000174 ], [ 22.267914997, 16.665502999000182 ], [ 22.328024997000114, 16.564514 ], [ 22.145832997000184, 16.327142 ], [ 22.051630997000132, 16.292264000000159 ], [ 22.030174179000085, 16.11083690900017 ], [ 22.015278, 15.984883000000139 ], [ 22.070492000000115, 15.96433 ], [ 22.121695, 15.945269 ], [ 22.181959001000166, 15.931662000000188 ], [ 22.243782999000132, 15.914172 ], [ 22.276160348000019, 15.903010253000161 ], [ 22.322746999, 15.886950000000127 ], [ 22.365394998999989, 15.814051999000071 ], [ 22.453735998000127, 15.796555999000191 ], [ 22.536636498000121, 15.762306 ], [ 22.619536997000182, 15.728055999000105 ], [ 22.696780997000019, 15.693203 ], [ 22.751956996, 15.64964299900015 ], [ 22.801008996000121, 15.607021 ], [ 22.842165320000163, 15.578597483000124 ], [ 22.922923439000101, 15.498627412000019 ], [ 22.927000200000123, 15.529927813000029 ], [ 22.934560909000027, 15.557575446999977 ], [ 22.965205003000108, 15.581259829000146 ], [ 22.987430577000168, 15.592142716000069 ], [ 23.003106112000182, 15.610796561000143 ], [ 23.029699732000154, 15.62736475700018 ], [ 23.049020666000047, 15.652250484000149 ], [ 23.073944963000031, 15.669278582000061 ], [ 23.099627795000174, 15.69873869900016 ], [ 23.126779620000093, 15.718838382000115 ], [ 23.15400877899998, 15.716140280000161 ], [ 23.179650625000079, 15.711659215000054 ], [ 23.20693011600008, 15.712739487000078 ], [ 23.237912015000177, 15.70523716200006 ], [ 23.272166771000059, 15.701653641000121 ], [ 23.309304813000153, 15.692582707000099 ], [ 23.340882362000116, 15.685171492 ], [ 23.371796097000072, 15.690252904000147 ], [ 23.405710108000108, 15.697717130000115 ], [ 23.433008109000014, 15.705448103000037 ], [ 23.460105367000153, 15.715678201 ], [ 23.483765168000104, 15.729539596 ], [ 23.525902096000095, 15.743122711000069 ], [ 23.560865844000034, 15.751436967000188 ], [ 23.608936874000165, 15.756198564999977 ], [ 23.665002609000055, 15.760674994999988 ], [ 23.727540214000157, 15.749977618000173 ], [ 23.808716670000138, 15.753186898000138 ], [ 23.853664695000077, 15.741682792000063 ], [ 23.892456637000066, 15.725508243000149 ], [ 23.939159117000145, 15.717440052000029 ], [ 23.9722308260001, 15.709866554000143 ], [ 24.000517637000144, 15.710531859000184 ], [ 24.001943710999967, 15.755597207000164 ], [ 24.003309033000164, 15.818664129000126 ] ] ] } },
{ "type": "Feature", "properties": { "adm1_name": "ENNEDI OUEST", "adm1_name1": null, "adm1_name2": null, "adm1_name3": null, "adm1_pcode": "TCD23", "adm0_name": "Tchad", "adm0_name1": null, "adm0_name2": null, "adm0_name3": null, "adm0_pcode": "TCD", "valid_on": "2025-02-12", "valid_to": null, "area_sqkm": 124247.3211958, "version": "v01", "lang": "fr", "lang1": null, "lang2": null, "lang3": null, "center_lat": 18.25614896, "center_lon": 20.96239138 }, "geometry": { "type": "Polygon", "coordinates": [ [ [ 22.335483816000021, 20.328360776000125 ], [ 22.035950653000043, 20.477368638000087 ], [ 21.255214157000069, 20.864713742000163 ], [ 20.980485348000116, 21.001269154999989 ], [ 20.49392100100016, 20.000660027000094 ], [ 19.510064228000147, 20.000507064000146 ], [ 19.504954360000113, 18.652070698000159 ], [ 19.189557239000067, 18.648599841000078 ], [ 19.350125816000116, 18.48797192000012 ], [ 19.801398653000035, 18.011877780000077 ], [ 20.513274000000138, 18.02432600100019 ], [ 20.543737001000125, 17.939765 ], [ 20.495938779000141, 17.390725578000115 ], [ 20.472068902, 17.116541674000075 ], [ 20.465379280000036, 17.039700600000174 ], [ 20.461854479000124, 16.992922122000039 ], [ 20.424892123000063, 16.824759225000093 ], [ 20.401376514000106, 16.710999970999978 ], [ 20.570491324000159, 16.262315660000013 ], [ 20.744837001000064, 15.800356001000182 ], [ 20.633279391000031, 15.70333429100009 ], [ 20.547545937000109, 15.628485978000128 ], [ 20.594425275999981, 15.612026539999988 ], [ 20.641254001000107, 15.596406 ], [ 20.678068103000044, 15.588861009000084 ], [ 20.731686001000128, 15.57034800100007 ], [ 20.831952001000047, 15.6040670000001 ], [ 20.943012613000178, 15.65464019000018 ], [ 20.983653616000083, 15.673750567000127 ], [ 21.011908344, 15.687036619000025 ], [ 21.101623000000188, 15.729417000000183 ], [ 21.100798291000103, 15.777490353000076 ], [ 21.099321000000145, 15.829176 ], [ 21.190178000000174, 15.877453 ], [ 21.29121604400018, 15.873850948000097 ], [ 21.355449001000068, 15.880996 ], [ 21.424947235000161, 15.867012215000102 ], [ 21.483339325000031, 15.898538603000191 ], [ 21.567418670000109, 15.895467492000023 ], [ 21.688529412000094, 15.890093789000105 ], [ 21.769297000000165, 15.897608 ], [ 21.863011395000058, 15.923121338000158 ], [ 21.945012001, 15.945269 ], [ 21.982289152000135, 15.966274237000107 ], [ 22.015278, 15.984883000000139 ], [ 22.030174179000085, 16.11083690900017 ], [ 22.051630997000132, 16.292264000000159 ], [ 22.145832997000184, 16.327142 ], [ 22.328024997000114, 16.564514 ], [ 22.267914997, 16.665502999000182 ], [ 22.328024997000114, 16.700155999000174 ], [ 22.350163996, 16.755896999000072 ], [ 22.35767799700011, 17.962118999000154 ], [ 22.335483816000021, 20.328360776000125 ] ] ] } },
{ "type": "Feature", "properties": { "adm1_name": "GUÉRA", "adm1_name1": null, "adm1_name2": null, "adm1_name3": null, "adm1_pcode": "TCD04", "adm0_name": "Tchad", "adm0_name1": null, "adm0_name2": null, "adm0_name3": null, "adm0_pcode": "TCD", "valid_on": "2025-02-12", "valid_to": null, "area_sqkm": 61034.486447919997, "version": "v01", "lang": "fr", "lang1": null, "lang2": null, "lang3": null, "center_lat": 11.45575454, "center_lon": 18.10469332 }, "geometry": { "type": "Polygon", "coordinates": [ [ [ 20.174, 12.727 ], [ 20.204000000000178, 12.729000001000088 ], [ 20.244, 12.764000000000124 ], [ 20.230000001000178, 12.800000001000114 ], [ 20.163000001000057, 12.838 ], [ 20.117000001, 12.881999999000186 ], [ 20.045000000000186, 12.935 ], [ 19.993000001000098, 12.957000000999983 ], [ 19.910000001000014, 12.986 ], [ 19.777, 13.03100000000012 ], [ 19.683, 12.982 ], [ 19.601000000000113, 12.939 ], [ 19.360000000000184, 12.798 ], [ 19.205384456, 12.711865141000089 ], [ 19.18796101099997, 12.693205633 ], [ 19.103000001000055, 12.694000000000131 ], [ 18.990000001000055, 12.689000000000135 ], [ 18.501000001000079, 12.693000000000154 ], [ 18.473868314000072, 12.69195647500004 ], [ 18.330000000999974, 12.618000000000166 ], [ 18.095, 12.486000000000161 ], [ 18.065000000000168, 12.452 ], [ 18.018, 12.452 ], [ 17.882000001000051, 12.446000001000186 ], [ 17.66800000000012, 12.267500000999974 ], [ 17.608000001000164, 12.239000001000022 ], [ 17.567000000000178, 12.199000000000183 ], [ 17.598139645000174, 12.125003911000022 ], [ 17.576138965000041, 12.040000001000067 ], [ 17.542138966000039, 11.950000001000092 ], [ 17.545138966000081, 11.911000001000161 ], [ 17.578138965000164, 11.871 ], [ 17.634138964999977, 11.796000001000095 ], [ 17.68005485499998, 11.679983280000158 ], [ 17.619139242000131, 11.678998695000132 ], [ 17.545149415000139, 11.671993580000048 ], [ 17.487087034000126, 11.632021566000162 ], [ 17.425138967000123, 11.586000001000059 ], [ 17.377344103000041, 11.542700646000071 ], [ 17.335143364000032, 11.472009085000138 ], [ 17.311415847000148, 11.3047873860001 ], [ 17.305957184000135, 11.24211632600003 ], [ 17.329000000000121, 11.075000000000102 ], [ 17.34500000100013, 11.029 ], [ 17.36, 10.935 ], [ 17.363000000999989, 10.795 ], [ 17.352000001000079, 10.671000000000106 ], [ 17.327, 10.574000001000172 ], [ 17.383, 10.537 ], [ 17.449000001000115, 10.522000000000105 ], [ 17.542999931000111, 10.45100005300003 ], [ 17.725, 10.477 ], [ 17.864000000000146, 10.49700000100006 ], [ 17.962000001000092, 10.397 ], [ 18.013, 10.381 ], [ 18.066999586000065, 10.350000238000064 ], [ 18.104, 10.365000001000055 ], [ 18.164000000000158, 10.346000000000174 ], [ 18.209, 10.321999999000127 ], [ 18.246999999000138, 10.293 ], [ 18.289, 10.262000001000047 ], [ 18.341, 10.240000001 ], [ 18.381000220000146, 10.246999863000099 ], [ 18.437000000000126, 10.212000001000035 ], [ 18.496, 10.185999999000103 ], [ 18.642000000000166, 10.025000000999967 ], [ 18.632000001000108, 9.919 ], [ 18.737000001000013, 9.877000001000056 ], [ 18.794001, 9.879 ], [ 18.825001000999976, 9.987999999000124 ], [ 19.035433000000182, 9.988 ], [ 19.080999500000019, 10.0015 ], [ 19.125997344000098, 10.083996047000085 ], [ 19.138, 10.129 ], [ 19.160999855000114, 10.154999836000115 ], [ 19.208, 10.146000001 ], [ 19.215000001000078, 10.187000000000182 ], [ 19.240999626000189, 10.209000001000106 ], [ 19.284000001000095, 10.224000001000093 ], [ 19.320999625000127, 10.270000001000142 ], [ 19.355000001000064, 10.299 ], [ 19.344000001000154, 10.344 ], [ 19.382000001000108, 10.382 ], [ 19.391000750000103, 10.425 ], [ 19.430000000000177, 10.469000000000165 ], [ 19.495999999000105, 10.496000001000084 ], [ 19.533000906999973, 10.475000053000031 ], [ 19.584000001000106, 10.478000000000179 ], [ 19.618999500000086, 10.526000000000124 ], [ 19.695453705999967, 10.582430466000062 ], [ 19.726000001000102, 10.717000000000155 ], [ 19.707000500000049, 10.873000000000104 ], [ 19.736999999000034, 10.911000000000115 ], [ 19.705999500000189, 10.942000000000178 ], [ 19.694000000000131, 11.001 ], [ 19.657, 11.003 ], [ 19.628000001000032, 11.014000000000124 ], [ 19.57, 11.034 ], [ 19.479000001000031, 11.048 ], [ 19.405000501000188, 11.104 ], [ 19.313000000000159, 11.135000001000037 ], [ 19.261, 11.154000001000043 ], [ 19.232210414000065, 11.180096912000067 ], [ 19.200624625999978, 11.185500001000094 ], [ 19.129999501000043, 11.217 ], [ 19.082453738000083, 11.234990014000175 ], [ 19.056000000000154, 11.244999999000186 ], [ 19.000987334000115, 11.273014021000108 ], [ 18.965830227000083, 11.313525441000024 ], [ 18.902000001000033, 11.331000000000188 ], [ 18.882999501000143, 11.40200000100009 ], [ 18.8785, 11.43950000000018 ], [ 18.874000500000136, 11.477000001000079 ], [ 18.9020000000001, 11.692 ], [ 19.055000000000177, 11.689000000000135 ], [ 19.087999901000046, 11.600000269000077 ], [ 19.215000000000146, 11.638 ], [ 19.256000500000084, 11.72600000000017 ], [ 19.341000001000111, 11.855 ], [ 19.313000000000159, 11.982000001000131 ], [ 19.465, 12.12300000100015 ], [ 19.496, 12.109 ], [ 19.580000001000087, 12.083000000000141 ], [ 19.750999500999967, 12.0530000010001 ], [ 19.908483458000035, 12.034954749000065 ], [ 19.889, 12.079000000000121 ], [ 19.905000001000076, 12.118 ], [ 19.94, 12.246000001000084 ], [ 20.001000001000136, 12.38500000099998 ], [ 20.082000001000097, 12.494 ], [ 20.154000001000043, 12.531000001000166 ], [ 20.114000002000068, 12.614 ], [ 20.174, 12.727 ] ] ] } },
{ "type": "Feature", "properties": { "adm1_name": "HADJER LAMIS", "adm1_name1": null, "adm1_name2": null, "adm1_name3": null, "adm1_pcode": "TCD05", "adm0_name": "Tchad", "adm0_name1": null, "adm0_name2": null, "adm0_name3": null, "adm0_pcode": "TCD", "valid_on": "2025-02-12", "valid_to": null, "area_sqkm": 30679.414661139999, "version": "v01", "lang": "fr", "lang1": null, "lang2": null, "lang3": null, "center_lat": 12.41976744, "center_lon": 16.09244965 }, "geometry": { "type": "Polygon", "coordinates": [ [ [ 15.755170815000042, 13.162999096000021 ], [ 15.567394111000056, 13.251246453000022 ], [ 15.527797364000037, 13.26994160400011 ], [ 15.428136510000115, 13.317001744000095 ], [ 15.380143203000046, 13.392990805000125 ], [ 15.231156498000132, 13.372016462000147 ], [ 15.258138966000161, 13.299 ], [ 15.313144528000123, 13.238961297000174 ], [ 15.378143134000027, 13.215011289000074 ], [ 15.399138966000123, 13.189000001000124 ], [ 15.332147957000132, 13.136015216000089 ], [ 15.300128301000086, 13.144492963000118 ], [ 15.267639550000013, 13.09901751600006 ], [ 15.244138966000151, 13.116 ], [ 15.208138966000092, 13.156000001000109 ], [ 15.190146659000106, 13.19901442500003 ], [ 15.145116170000051, 13.222953591000135 ], [ 15.101143875000048, 13.219022321000125 ], [ 15.027127407000023, 13.251948337000044 ], [ 15.00241258300008, 13.232646971000122 ], [ 15.037723336000056, 13.177078555000151 ], [ 15.039569073000052, 13.099230230000103 ], [ 15.030806204000044, 13.057300953000151 ], [ 15.019119145, 12.995998064000048 ], [ 14.964986881000186, 12.995118219000176 ], [ 14.835069467000039, 12.992999044000101 ], [ 14.526525460000187, 12.973800413000106 ], [ 14.534982860000071, 12.940782292000108 ], [ 14.532212185000049, 12.913183849000177 ], [ 14.530046454000171, 12.88152842900007 ], [ 14.553624192000029, 12.861823648000097 ], [ 14.563256863000049, 12.832104924000191 ], [ 14.550093599000036, 12.800923566000051 ], [ 14.569813863000093, 12.775846198000067 ], [ 14.593354320000174, 12.753956488000085 ], [ 14.619447731000093, 12.758142356000064 ], [ 14.637854129000175, 12.739459473000068 ], [ 14.667166010000074, 12.723011573000065 ], [ 14.703082887999983, 12.725137071000063 ], [ 14.719000453000149, 12.702830728000151 ], [ 14.71476188600019, 12.671084374000145 ], [ 14.744770809000045, 12.68373371600012 ], [ 14.763892172000055, 12.652653455000063 ], [ 14.787597093000045, 12.634759938000059 ], [ 14.817195828000081, 12.636382025000046 ], [ 14.836762890000102, 12.617343437000102 ], [ 14.844760449000034, 12.581293398000071 ], [ 14.851591042000052, 12.539648606000128 ], [ 14.855495997000105, 12.504303064000055 ], [ 14.861527624000075, 12.464081493000037 ], [ 14.881764456000099, 12.433534884000039 ], [ 14.899925945000064, 12.403536743000188 ], [ 14.905930313000056, 12.370979685000066 ], [ 14.902991586000155, 12.334286238000118 ], [ 14.896487685000182, 12.306372787999976 ], [ 14.900604341000076, 12.271926400000041 ], [ 14.898245421000126, 12.238505746000044 ], [ 14.896009608000156, 12.211936324000135 ], [ 14.903619406000075, 12.186219461000121 ], [ 14.945780890000094, 12.193126565000171 ], [ 14.973482923000063, 12.201238371000045 ], [ 14.997503639000172, 12.209496562000027 ], [ 15.020895569000118, 12.226626508000038 ], [ 15.049632069000097, 12.232888197000023 ], [ 15.079464754000128, 12.229773599000112 ], [ 15.124731951, 12.240758325 ], [ 15.171061522000059, 12.247692819000179 ], [ 15.211608936000118, 12.257644173000074 ], [ 15.259523112000124, 12.276410908 ], [ 15.301841953000121, 12.298730015000103 ], [ 15.329176935000191, 12.318933765000054 ], [ 15.354672967000113, 12.339022000999989 ], [ 15.37317830500001, 12.362947971000096 ], [ 15.404138966000119, 12.322000000000173 ], [ 15.442664966000109, 12.283022 ], [ 15.471814942000037, 12.255086646000109 ], [ 15.504024898000068, 12.223074995000047 ], [ 15.56557519100005, 12.271708342000125 ], [ 15.631610481000109, 12.309437511000169 ], [ 15.659283728000162, 12.324501172000168 ], [ 15.684146869000074, 12.337982032000184 ], [ 15.826932892000116, 12.33336494800011 ], [ 15.910365342999967, 12.334233103000088 ], [ 15.948821357000043, 12.334726002000082 ], [ 15.977038975000085, 12.334799948000182 ], [ 16.054800144000012, 12.322728253000093 ], [ 16.302129216000139, 12.353964577 ], [ 16.450138022999965, 12.304989467000041 ], [ 16.49312683, 12.295971867000162 ], [ 16.666143497000064, 12.2290117 ], [ 16.695138966000115, 12.198 ], [ 16.725138965000156, 12.133000001000141 ], [ 16.713138965000041, 12.043000001000166 ], [ 16.708138967000082, 11.995000000000118 ], [ 16.744126924999989, 11.931992684000079 ], [ 16.790148357000021, 11.904015430000015 ], [ 16.797138966000148, 11.874 ], [ 16.812138965000031, 11.823 ], [ 16.826138966000144, 11.72600000000017 ], [ 16.858155599000042, 11.67601931500019 ], [ 16.906137856000043, 11.683979899000178 ], [ 17.019112452000059, 11.667959053000118 ], [ 17.088148031000117, 11.627015256 ], [ 17.139126266, 11.566003234000107 ], [ 17.170124956000166, 11.55197207100008 ], [ 17.240125831000171, 11.517972748000091 ], [ 17.335143364000032, 11.472009085000138 ], [ 17.377344103000041, 11.542700646000071 ], [ 17.425138967000123, 11.586000001000059 ], [ 17.487087034000126, 11.632021566000162 ], [ 17.545149415000139, 11.671993580000048 ], [ 17.619139242000131, 11.678998695000132 ], [ 17.68005485499998, 11.679983280000158 ], [ 17.634138964999977, 11.796000001000095 ], [ 17.578138965000164, 11.871 ], [ 17.545138966000081, 11.911000001000161 ], [ 17.542138966000039, 11.950000001000092 ], [ 17.576138965000041, 12.040000001000067 ], [ 17.598139645000174, 12.125003911000022 ], [ 17.552143505000117, 12.132996576000096 ], [ 17.50411681800017, 12.157955508000043 ], [ 17.446158499000035, 12.155006145000129 ], [ 17.411138966000181, 12.184000001000129 ], [ 17.408138966000138, 12.229 ], [ 17.388148725000178, 12.270015614000044 ], [ 17.340120322000075, 12.2999921870001 ], [ 17.310138965000021, 12.346000000000117 ], [ 17.295138965000035, 12.406000000000176 ], [ 17.293142932000023, 12.48701104800017 ], [ 17.254142227999978, 12.501005569000142 ], [ 17.201138965000041, 12.55700000000013 ], [ 17.150138965000053, 12.609000001000027 ], [ 17.141138966000085, 12.64 ], [ 17.113138966000122, 12.735000000000127 ], [ 17.092138966, 12.783000000000129 ], [ 17.054113329000131, 12.815958514000044 ], [ 17.016117801000178, 12.831989524000051 ], [ 16.96613896600013, 12.8685 ], [ 16.997138966000023, 12.937000000000126 ], [ 17.077138966000064, 13.007000001000051 ], [ 17.130138966000175, 13.046000000000106 ], [ 17.161144595000053, 13.099009935000083 ], [ 17.101114098000096, 13.13295884300004 ], [ 17.063170873000104, 13.136996855000064 ], [ 17.024140730000056, 13.15694366800011 ], [ 16.997117679000155, 13.137044371000059 ], [ 16.900137898000082, 13.109041668000089 ], [ 16.846143132000066, 13.135934467000084 ], [ 16.7871237170001, 13.111006926000186 ], [ 16.762139264000098, 13.08999679600015 ], [ 16.65529575000005, 13.091011456000047 ], [ 16.547140625000054, 13.070000665000066 ], [ 16.493136290000052, 13.054986530000065 ], [ 16.468140749000042, 13.034007665000047 ], [ 16.425133266999978, 13.04397748800011 ], [ 16.361138934000167, 13.050983595000048 ], [ 16.261136475000058, 13.036021343000016 ], [ 16.215144813000052, 13.03997758700018 ], [ 16.179120425000065, 13.023044223999989 ], [ 16.1079655690001, 13.031252881 ], [ 15.998137430000099, 13.04398675300007 ], [ 15.991138965, 13.08 ], [ 15.966138966000187, 13.122 ], [ 15.910149577000084, 13.172987296000088 ], [ 15.862148130000094, 13.154049878000137 ], [ 15.755170815000042, 13.162999096000021 ] ] ] } },
{ "type": "Feature", "properties": { "adm1_name": "KANEM", "adm1_name1": null, "adm1_name2": null, "adm1_name3": null, "adm1_pcode": "TCD06", "adm0_name": "Tchad", "adm0_name1": null, "adm0_name2": null, "adm0_name3": null, "adm0_pcode": "TCD", "valid_on": "2025-02-12", "valid_to": null, "area_sqkm": 71334.901201529996, "version": "v01", "lang": "fr", "lang1": null, "lang2": null, "lang3": null, "center_lat": 14.91176552, "center_lon": 15.04416056 }, "geometry": { "type": "Polygon", "coordinates": [ [ [ 16.094017680000036, 14.543327433000115 ], [ 16.323107999000172, 15.003612 ], [ 17.170235080000054, 16.035060154000121 ], [ 17.033654455000033, 16.097010747000127 ], [ 16.693782000000112, 16.245781028000124 ], [ 16.099142001000075, 16.515639027000077 ], [ 15.530971409000017, 16.707053350000024 ], [ 15.211499899000103, 16.449363831000028 ], [ 14.645120587000065, 15.993506887000024 ], [ 14.391005678999989, 15.736675050000144 ], [ 14.282958644000132, 15.597713798000086 ], [ 14.243485478000082, 15.545443998000167 ], [ 14.197636246000116, 15.481131432000154 ], [ 14.180390775999967, 15.456321026000069 ], [ 14.13138238099998, 15.386698539000122 ], [ 14.001547062000157, 15.200823553000134 ], [ 13.96367397, 15.148005836000038 ], [ 13.874189906000083, 15.048882695000088 ], [ 13.85020872299998, 14.998584538000159 ], [ 13.829850449000048, 14.95445059400015 ], [ 13.79200245100003, 14.869080451000173 ], [ 13.795532742000034, 14.794517481000128 ], [ 13.811660953000171, 14.731456517000083 ], [ 13.757236673000136, 14.699275505 ], [ 13.692507830000068, 14.657327430000123 ], [ 13.668845609000073, 14.63803083900001 ], [ 13.690846468000132, 14.618264883000052 ], [ 13.690911566000182, 14.590711124000109 ], [ 13.69310998900005, 14.56079184500004 ], [ 13.669990842000061, 14.538902205000056 ], [ 13.650331651000158, 14.523134003000109 ], [ 13.735538902000144, 14.505105581000066 ], [ 13.781571569000107, 14.498740303999966 ], [ 13.931536000000108, 14.503542 ], [ 13.971157001, 14.4496 ], [ 13.999795173000052, 14.450815517000137 ], [ 14.028054, 14.452015000000188 ], [ 14.083146000000113, 14.38602 ], [ 14.096559, 14.319444 ], [ 14.158776001000092, 14.308915000000127 ], [ 14.211105, 14.22708 ], [ 14.239379225000107, 14.226326149999977 ], [ 14.27010900099998, 14.225507000999983 ], [ 14.309982001000037, 14.157679 ], [ 14.36242200200013, 14.146649009000157 ], [ 14.438591, 14.130628001000105 ], [ 14.505774003000113, 14.036260293000055 ], [ 14.523786053000094, 14.01338352800019 ], [ 14.545113556, 13.985921072999986 ], [ 14.616648001000044, 13.900784000000158 ], [ 14.658795216999977, 13.826481859000069 ], [ 14.74104673700009, 13.682014151000033 ], [ 14.758881814000063, 13.651041757000087 ], [ 14.811489001000098, 13.698541 ], [ 14.864284380000129, 13.691248497000061 ], [ 14.904251000999977, 13.685728 ], [ 15.046000220000053, 13.702682791000029 ], [ 15.196000001000129, 13.718000001000178 ], [ 15.393, 13.742 ], [ 15.453000001000191, 13.586000001000173 ], [ 15.501, 13.457000000000164 ], [ 15.553, 13.362 ], [ 15.567394111000056, 13.251246453000022 ], [ 15.755170815000042, 13.162999096000021 ], [ 15.862148130000094, 13.154049878000137 ], [ 15.910149577000084, 13.172987296000088 ], [ 15.929, 13.207 ], [ 15.935000246000186, 13.339000098000042 ], [ 15.934000001000129, 13.450000000000102 ], [ 15.920000001000119, 13.499 ], [ 15.892000001000099, 13.546000001000095 ], [ 15.876000000999966, 13.614 ], [ 15.887388940000051, 13.66794351600015 ], [ 15.889006335000033, 13.737180199000136 ], [ 15.828946886000153, 13.752505311000164 ], [ 15.767421477000084, 13.748004834000028 ], [ 15.647, 13.735000000000127 ], [ 15.602000000000146, 13.749000000000137 ], [ 15.607000000000141, 13.878 ], [ 15.619000001000131, 14.032000000999972 ], [ 15.784261713999967, 14.176207264000027 ], [ 15.910334855000144, 14.268960439000182 ], [ 15.984687001000168, 14.323662001000059 ], [ 16.002929797000036, 14.360315132000039 ], [ 16.094017680000036, 14.543327433000115 ] ] ] } },
{ "type": "Feature", "properties": { "adm1_name": "LAC", "adm1_name1": null, "adm1_name2": null, "adm1_name3": null, "adm1_pcode": "TCD07", "adm0_name": "Tchad", "adm0_name1": null, "adm0_name2": null, "adm0_name3": null, "adm0_pcode": "TCD", "valid_on": "2025-02-12", "valid_to": null, "area_sqkm": 19779.407068699998, "version": "v01", "lang": "fr", "lang1": null, "lang2": null, "lang3": null, "center_lat": 13.76871966, "center_lon": 14.15843724 }, "geometry": { "type": "Polygon", "coordinates": [ [ [ 13.650331651000158, 14.523134003000109 ], [ 13.615332961000149, 14.509030272000132 ], [ 13.579478827000116, 14.509231939000074 ], [ 13.547189807000109, 14.499417736999987 ], [ 13.504196534000073, 14.484474151000086 ], [ 13.470106148000127, 14.459560896000141 ], [ 13.47370040900006, 14.406153861000178 ], [ 13.489855717000069, 14.337275895000062 ], [ 13.501717467000049, 14.287174515000174 ], [ 13.518640694000055, 14.216854780000062 ], [ 13.539997640000024, 14.127055618000043 ], [ 13.557577298000126, 14.053843229000051 ], [ 13.571383621000166, 13.994989284000042 ], [ 13.618855081000106, 13.795439323000039 ], [ 13.636780329000146, 13.719867167000075 ], [ 13.759693387000027, 13.548554959000114 ], [ 14.000151351000056, 13.213412491000099 ], [ 14.082670143000087, 13.080466960000138 ], [ 14.456311331000109, 13.0794992430001 ], [ 14.511220898000033, 13.000671306000186 ], [ 14.526525460000187, 12.973800413000106 ], [ 14.835069467000039, 12.992999044000101 ], [ 14.964986881000186, 12.995118219000176 ], [ 15.019119145, 12.995998064000048 ], [ 15.030806204000044, 13.057300953000151 ], [ 15.039569073000052, 13.099230230000103 ], [ 15.037723336000056, 13.177078555000151 ], [ 15.00241258300008, 13.232646971000122 ], [ 15.027127407000023, 13.251948337000044 ], [ 15.101143875000048, 13.219022321000125 ], [ 15.145116170000051, 13.222953591000135 ], [ 15.190146659000106, 13.19901442500003 ], [ 15.208138966000092, 13.156000001000109 ], [ 15.244138966000151, 13.116 ], [ 15.267639550000013, 13.09901751600006 ], [ 15.300128301000086, 13.144492963000118 ], [ 15.332147957000132, 13.136015216000089 ], [ 15.399138966000123, 13.189000001000124 ], [ 15.378143134000027, 13.215011289000074 ], [ 15.313144528000123, 13.238961297000174 ], [ 15.258138966000161, 13.299 ], [ 15.231156498000132, 13.372016462000147 ], [ 15.380143203000046, 13.392990805000125 ], [ 15.428136510000115, 13.317001744000095 ], [ 15.527797364000037, 13.26994160400011 ], [ 15.567394111000056, 13.251246453000022 ], [ 15.553, 13.362 ], [ 15.501, 13.457000000000164 ], [ 15.453000001000191, 13.586000001000173 ], [ 15.393, 13.742 ], [ 15.196000001000129, 13.718000001000178 ], [ 15.046000220000053, 13.702682791000029 ], [ 14.904251000999977, 13.685728 ], [ 14.864284380000129, 13.691248497000061 ], [ 14.811489001000098, 13.698541 ], [ 14.758881814000063, 13.651041757000087 ], [ 14.74104673700009, 13.682014151000033 ], [ 14.658795216999977, 13.826481859000069 ], [ 14.616648001000044, 13.900784000000158 ], [ 14.545113556, 13.985921072999986 ], [ 14.523786053000094, 14.01338352800019 ], [ 14.505774003000113, 14.036260293000055 ], [ 14.438591, 14.130628001000105 ], [ 14.36242200200013, 14.146649009000157 ], [ 14.309982001000037, 14.157679 ], [ 14.27010900099998, 14.225507000999983 ], [ 14.239379225000107, 14.226326149999977 ], [ 14.211105, 14.22708 ], [ 14.158776001000092, 14.308915000000127 ], [ 14.096559, 14.319444 ], [ 14.083146000000113, 14.38602 ], [ 14.028054, 14.452015000000188 ], [ 13.999795173000052, 14.450815517000137 ], [ 13.971157001, 14.4496 ], [ 13.931536000000108, 14.503542 ], [ 13.781571569000107, 14.498740303999966 ], [ 13.735538902000144, 14.505105581000066 ], [ 13.650331651000158, 14.523134003000109 ] ] ] } },
{ "type": "Feature", "properties": { "adm1_name": "LOGONE OCCIDENTAL", "adm1_name1": null, "adm1_name2": null, "adm1_name3": null, "adm1_pcode": "TCD08", "adm0_name": "Tchad", "adm0_name1": null, "adm0_name2": null, "adm0_name3": null, "adm0_pcode": "TCD", "valid_on": "2025-02-12", "valid_to": null, "area_sqkm": 8861.8672528099996, "version": "v01", "lang": "fr", "lang1": null, "lang2": null, "lang3": null, "center_lat": 8.7525, "center_lon": 15.92415659 }, "geometry": { "type": "Polygon", "coordinates": [ [ [ 16.442851459000167, 9.092594273000088 ], [ 16.432794043000058, 9.11857197400019 ], [ 16.414000000000158, 9.15000000100008 ], [ 16.410999000000174, 9.181 ], [ 16.381001001000129, 9.210000001000083 ], [ 16.364, 9.245000000000118 ], [ 16.334999001000142, 9.225 ], [ 16.28111687300003, 9.176436722000119 ], [ 16.239, 9.165000000000134 ], [ 16.21355607400011, 9.153804226000148 ], [ 16.202000000000169, 9.122000000000128 ], [ 16.187000001000115, 9.098000000000184 ], [ 16.15706087000018, 9.079562575000125 ], [ 16.131548064000071, 9.083644623000168 ], [ 16.097161061000179, 9.098271255000157 ], [ 16.044021818000147, 9.128718035000077 ], [ 15.984, 9.129 ], [ 15.953234666000071, 9.103727734000131 ], [ 15.932769478000182, 9.067385183000113 ], [ 15.900636783999971, 9.053909243000078 ], [ 15.859, 9.053001001000098 ], [ 15.819000001, 9.039000000000101 ], [ 15.778, 9.051 ], [ 15.713000001000125, 9.051 ], [ 15.682500000000118, 9.056000000000154 ], [ 15.652, 9.061000001000082 ], [ 15.602000000000146, 9.033000000000129 ], [ 15.573000001000082, 9.022999999000092 ], [ 15.439200001000017, 9.06720000100006 ], [ 15.387000001000047, 9.033000000000129 ], [ 15.393983039000148, 8.988109036000026 ], [ 15.365, 8.937 ], [ 15.361646432000043, 8.908915242000148 ], [ 15.357, 8.870000001 ], [ 15.355, 8.822000001000049 ], [ 15.357, 8.759 ], [ 15.319010414, 8.725625663000073 ], [ 15.295991165000089, 8.704936775000135 ], [ 15.279722849000166, 8.66860276400007 ], [ 15.262999999000101, 8.611000000000161 ], [ 15.245000000000175, 8.574000000000126 ], [ 15.246000000000151, 8.537000001000024 ], [ 15.236000000000161, 8.501000001000136 ], [ 15.258324135000123, 8.463541938000105 ], [ 15.294649169000081, 8.444579819000182 ], [ 15.319674820000102, 8.429105386000117 ], [ 15.342000001000144, 8.403000000000191 ], [ 15.384462617000054, 8.377997462000053 ], [ 15.417000001000133, 8.370000001000108 ], [ 15.451250765000054, 8.362247352 ], [ 15.479995652000127, 8.333699615000057 ], [ 15.495099658000186, 8.296801911000159 ], [ 15.530695989000151, 8.284455318000084 ], [ 15.554026012, 8.271444272000053 ], [ 15.590308409000102, 8.282888946000185 ], [ 15.62255138800009, 8.296334162999983 ], [ 15.648098848000188, 8.310816644000056 ], [ 15.692917688000023, 8.330698946000041 ], [ 15.729011973000127, 8.333856463000075 ], [ 15.770851931000038, 8.336755550000078 ], [ 15.80165254800005, 8.334115505 ], [ 15.822000001000106, 8.364 ], [ 15.834, 8.403000000000191 ], [ 15.862000001000183, 8.435000001000162 ], [ 15.920428782000158, 8.463760866000143 ], [ 15.958000001000073, 8.490999999000167 ], [ 15.989356700000087, 8.508756091000066 ], [ 15.994119089000037, 8.534609066000144 ], [ 16.042999001000169, 8.558 ], [ 16.075079723000101, 8.567945798000096 ], [ 16.093950531000075, 8.585976143999972 ], [ 16.117001, 8.608 ], [ 16.165234462, 8.622582549000072 ], [ 16.202118897000162, 8.633733917000086 ], [ 16.244842219000134, 8.649565478 ], [ 16.273001001000125, 8.660000001000128 ], [ 16.310567698000057, 8.657549985000117 ], [ 16.344031156000028, 8.65821194900019 ], [ 16.359975191000046, 8.672202586000026 ], [ 16.375363274000051, 8.692 ], [ 16.406, 8.717 ], [ 16.450001001000032, 8.727 ], [ 16.493000001000098, 8.746 ], [ 16.522731664000105, 8.779832978000172 ], [ 16.558001001000036, 8.83 ], [ 16.573999001000118, 8.874000001000013 ], [ 16.594000001000154, 8.899 ], [ 16.579999329000088, 8.931925672000148 ], [ 16.550924622000082, 8.957790863000184 ], [ 16.530342376000078, 8.986038857000096 ], [ 16.50399999900003, 8.995000000000175 ], [ 16.486000000000104, 9.028000000000134 ], [ 16.466097218000186, 9.066273975000172 ], [ 16.442851459000167, 9.092594273000088 ] ] ] } },
{ "type": "Feature", "properties": { "adm1_name": "LOGONE ORIENTAL", "adm1_name1": null, "adm1_name2": null, "adm1_name3": null, "adm1_pcode": "TCD09", "adm0_name": "Tchad", "adm0_name1": null, "adm0_name2": null, "adm0_name3": null, "adm0_pcode": "TCD", "valid_on": "2025-02-12", "valid_to": null, "area_sqkm": 23718.113594080001, "version": "v01", "lang": "fr", "lang1": null, "lang2": null, "lang3": null, "center_lat": 8.30380928, "center_lon": 16.46270034 }, "geometry": { "type": "Polygon", "coordinates": [ [ [ 16.629462461000173, 9.121598473000063 ], [ 16.596218026000088, 9.149019877000171 ], [ 16.571767554000132, 9.151278707000188 ], [ 16.54355312399997, 9.152970967000044 ], [ 16.467267966000065, 9.132000000000119 ], [ 16.432794043000058, 9.11857197400019 ], [ 16.442851459000167, 9.092594273000088 ], [ 16.466097218000186, 9.066273975000172 ], [ 16.486000000000104, 9.028000000000134 ], [ 16.50399999900003, 8.995000000000175 ], [ 16.530342376000078, 8.986038857000096 ], [ 16.550924622000082, 8.957790863000184 ], [ 16.579999329000088, 8.931925672000148 ], [ 16.594000001000154, 8.899 ], [ 16.573999001000118, 8.874000001000013 ], [ 16.558001001000036, 8.83 ], [ 16.522731664000105, 8.779832978000172 ], [ 16.493000001000098, 8.746 ], [ 16.450001001000032, 8.727 ], [ 16.406, 8.717 ], [ 16.375363274000051, 8.692 ], [ 16.359975191000046, 8.672202586000026 ], [ 16.344031156000028, 8.65821194900019 ], [ 16.310567698000057, 8.657549985000117 ], [ 16.273001001000125, 8.660000001000128 ], [ 16.244842219000134, 8.649565478 ], [ 16.202118897000162, 8.633733917000086 ], [ 16.165234462, 8.622582549000072 ], [ 16.117001, 8.608 ], [ 16.093950531000075, 8.585976143999972 ], [ 16.075079723000101, 8.567945798000096 ], [ 16.042999001000169, 8.558 ], [ 15.994119089000037, 8.534609066000144 ], [ 15.989356700000087, 8.508756091000066 ], [ 15.958000001000073, 8.490999999000167 ], [ 15.920428782000158, 8.463760866000143 ], [ 15.862000001000183, 8.435000001000162 ], [ 15.834, 8.403000000000191 ], [ 15.822000001000106, 8.364 ], [ 15.80165254800005, 8.334115505 ], [ 15.770851931000038, 8.336755550000078 ], [ 15.729011973000127, 8.333856463000075 ], [ 15.692917688000023, 8.330698946000041 ], [ 15.648098848000188, 8.310816644000056 ], [ 15.62255138800009, 8.296334162999983 ], [ 15.590308409000102, 8.282888946000185 ], [ 15.554026012, 8.271444272000053 ], [ 15.530695989000151, 8.284455318000084 ], [ 15.495099658000186, 8.296801911000159 ], [ 15.479995652000127, 8.333699615000057 ], [ 15.451250765000054, 8.362247352 ], [ 15.417000001000133, 8.370000001000108 ], [ 15.384462617000054, 8.377997462000053 ], [ 15.342000001000144, 8.403000000000191 ], [ 15.319674820000102, 8.429105386000117 ], [ 15.294649169000081, 8.444579819000182 ], [ 15.258324135000123, 8.463541938000105 ], [ 15.229454990000022, 8.454977402000111 ], [ 15.271747317000177, 8.355054896000183 ], [ 15.362704059000066, 8.159572382000135 ], [ 15.396130264000078, 8.08845736700016 ], [ 15.393842909999989, 8.045105597000031 ], [ 15.410523244000103, 8.000771195000141 ], [ 15.452529513000172, 7.882268134000185 ], [ 15.50554575700005, 7.793942888000061 ], [ 15.588531637000187, 7.765213923000033 ], [ 15.586352181000166, 7.732900144000041 ], [ 15.588832739000054, 7.699388194000164 ], [ 15.586182146, 7.671391982000102 ], [ 15.577336764, 7.637467925000124 ], [ 15.564974816000188, 7.6086271960001 ], [ 15.558265733999974, 7.582959378000169 ], [ 15.531126728000174, 7.558102100000156 ], [ 15.504148735000115, 7.530907710000179 ], [ 15.538511443000061, 7.499760953000134 ], [ 15.719896544000107, 7.507775344000038 ], [ 15.73293270400012, 7.481799481999985 ], [ 15.754035291000093, 7.466939705000186 ], [ 15.781505246, 7.460580054000047 ], [ 15.803906496000025, 7.447651642000039 ], [ 15.829813873000035, 7.450354598000047 ], [ 15.856141618000095, 7.455444523000097 ], [ 15.884678038000118, 7.464912443000117 ], [ 15.915843358000188, 7.476580826000031 ], [ 15.949858851000101, 7.484574954000152 ], [ 15.973912887000097, 7.490984422000054 ], [ 15.998674564000112, 7.50584996200007 ], [ 16.024763902000132, 7.530517949000171 ], [ 16.044649501000094, 7.569248741000024 ], [ 16.079701088000149, 7.587402447000159 ], [ 16.117521446000183, 7.591963786000179 ], [ 16.152247222000142, 7.594737862000045 ], [ 16.173601319000113, 7.607744743000012 ], [ 16.198714780000159, 7.613807437 ], [ 16.22926239300017, 7.607487524000135 ], [ 16.263092363000112, 7.625569752000047 ], [ 16.28929126100013, 7.646032971000068 ], [ 16.317242369000155, 7.656915114000071 ], [ 16.345891650000169, 7.664399070000059 ], [ 16.373334061000094, 7.673583424000071 ], [ 16.397169620000057, 7.684758704000103 ], [ 16.41568221600005, 7.711966715000074 ], [ 16.415168140000162, 7.750829233 ], [ 16.41396764700005, 7.778688364000175 ], [ 16.443843935000018, 7.794903225000041 ], [ 16.473080732000142, 7.788685153000131 ], [ 16.494677569000146, 7.807640807000041 ], [ 16.510814239000183, 7.833947282000167 ], [ 16.543370283000058, 7.853448530000037 ], [ 16.572333971000035, 7.865295823 ], [ 16.582390715000088, 7.828154174000076 ], [ 16.587644047000083, 7.800033285000097 ], [ 16.592593244000057, 7.775827084000014 ], [ 16.618360586000051, 7.763469362000023 ], [ 16.650650653000184, 7.748547786000131 ], [ 16.657454839000081, 7.706150899000079 ], [ 16.663042192999967, 7.674684667000179 ], [ 16.680266669000162, 7.657169166000131 ], [ 16.714969566000093, 7.650124033000168 ], [ 16.754983404000086, 7.621229459 ], [ 16.785109176000105, 7.592847997000092 ], [ 16.793620333000092, 7.56427092500013 ], [ 16.810019878000105, 7.541568593000022 ], [ 16.836359986000105, 7.537595697000086 ], [ 16.865954645000159, 7.553573017000133 ], [ 16.898508570000104, 7.561338816000045 ], [ 16.89280652900004, 7.586047049000115 ], [ 16.903703265000104, 7.610832701999982 ], [ 16.934867870000062, 7.631081172000052 ], [ 16.964674543000058, 7.637329652000176 ], [ 16.99954963800019, 7.638283205000107 ], [ 17.037810715000035, 7.647591077000186 ], [ 17.074600813000075, 7.662837389000117 ], [ 17.094500609000079, 7.689814280000121 ], [ 17.128514194000047, 7.67013601900004 ], [ 17.157599081000171, 7.687899910000169 ], [ 17.168417384000065, 7.715132077000135 ], [ 17.193002063000051, 7.722394198000131 ], [ 17.210589340000126, 7.742762218000166 ], [ 17.235007743000153, 7.759865244000082 ], [ 17.260986237000054, 7.778140519000033 ], [ 17.276603952000073, 7.804978314999971 ], [ 17.265613, 7.839128000000187 ], [ 17.226999, 7.909 ], [ 17.198128001000157, 7.962859999000045 ], [ 17.111399331000143, 8.129436650000173 ], [ 17.151533425000139, 8.144413629999974 ], [ 17.212999, 8.157 ], [ 17.249120029000039, 8.218228757000077 ], [ 17.278438208000125, 8.267926068000065 ], [ 17.295000001000119, 8.296000000000163 ], [ 17.159, 8.495 ], [ 17.144190294000168, 8.520533550000096 ], [ 17.129999001000044, 8.54500000000013 ], [ 17.107170220000057, 8.568749870000033 ], [ 17.046074392000151, 8.630937562999975 ], [ 17.074738636, 8.671960976000094 ], [ 17.142268966000188, 8.762000000000114 ], [ 17.148825816000169, 8.845171691000075 ], [ 17.152268967000055, 8.885 ], [ 17.152186280000024, 8.922635093000167 ], [ 17.149463187000094, 8.970946270000184 ], [ 17.145703857000058, 9.007929788000069 ], [ 17.134321345999979, 9.077921883000045 ], [ 17.014054088000023, 9.055290281000168 ], [ 16.986217226000178, 9.050020914000186 ], [ 16.855459365000058, 9.062836856000104 ], [ 16.772609382000041, 9.070955187000038 ], [ 16.713323228000093, 9.099133105000021 ], [ 16.68421071299997, 9.112892695000028 ], [ 16.654525828000089, 9.106091549999974 ], [ 16.629462461000173, 9.121598473000063 ] ] ] } },
{ "type": "Feature", "properties": { "adm1_name": "MANDOUL", "adm1_name1": null, "adm1_name2": null, "adm1_name3": null, "adm1_pcode": "TCD10", "adm0_name": "Tchad", "adm0_name1": null, "adm0_name2": null, "adm0_name3": null, "adm0_pcode": "TCD", "valid_on": "2025-02-12", "valid_to": null, "area_sqkm": 17406.310798039998, "version": "v01", "lang": "fr", "lang1": null, "lang2": null, "lang3": null, "center_lat": 8.73411503, "center_lon": 17.58762786 }, "geometry": { "type": "Polygon", "coordinates": [ [ [ 17.554015695000089, 9.597018893000154 ], [ 17.507000001000051, 9.616 ], [ 17.483999, 9.641000001000123 ], [ 17.448999001000061, 9.632 ], [ 17.421754658000111, 9.61879855300009 ], [ 17.365937416000122, 9.606909252000037 ], [ 17.316999001000056, 9.594000001000154 ], [ 17.288, 9.601000000000113 ], [ 17.250999001000082, 9.596000000000174 ], [ 17.209000001000163, 9.576 ], [ 17.216000001000054, 9.54500000000013 ], [ 17.235398606999979, 9.51930758300017 ], [ 17.257, 9.492000000000189 ], [ 17.22800100000012, 9.469999999000038 ], [ 17.228859500000112, 9.421268096000176 ], [ 17.229000500000041, 9.382 ], [ 17.201, 9.355 ], [ 17.075001002000079, 9.260999999000148 ], [ 17.222, 9.166000000000111 ], [ 17.176974544000075, 9.120769038999981 ], [ 17.134321345999979, 9.077921883000045 ], [ 17.145703857000058, 9.007929788000069 ], [ 17.149463187000094, 8.970946270000184 ], [ 17.152186280000024, 8.922635093000167 ], [ 17.152268967000055, 8.885 ], [ 17.148825816000169, 8.845171691000075 ], [ 17.142268966000188, 8.762000000000114 ], [ 17.074738636, 8.671960976000094 ], [ 17.046074392000151, 8.630937562999975 ], [ 17.107170220000057, 8.568749870000033 ], [ 17.129999001000044, 8.54500000000013 ], [ 17.144190294000168, 8.520533550000096 ], [ 17.159, 8.495 ], [ 17.295000001000119, 8.296000000000163 ], [ 17.278438208000125, 8.267926068000065 ], [ 17.249120029000039, 8.218228757000077 ], [ 17.212999, 8.157 ], [ 17.151533425000139, 8.144413629999974 ], [ 17.111399331000143, 8.129436650000173 ], [ 17.198128001000157, 7.962859999000045 ], [ 17.226999, 7.909 ], [ 17.265613, 7.839128000000187 ], [ 17.276603952000073, 7.804978314999971 ], [ 17.297575984000161, 7.822456688000102 ], [ 17.326340267999967, 7.83118364000012 ], [ 17.358214202000056, 7.85015849600012 ], [ 17.398059245000013, 7.861099448000175 ], [ 17.43803453400011, 7.88263128900013 ], [ 17.468407567000099, 7.899634289000062 ], [ 17.500626219000083, 7.881072881000136 ], [ 17.52997275000007, 7.897423882000055 ], [ 17.548760906000098, 7.921274630000141 ], [ 17.594206865000046, 7.932809789000032 ], [ 17.631568198000025, 7.945182639000052 ], [ 17.653568147000158, 7.966062210000018 ], [ 17.678417393000075, 7.98349743600005 ], [ 17.718839298000148, 7.979528673000061 ], [ 17.932697087000065, 7.956037885000114 ], [ 17.985041912999975, 7.987678471000038 ], [ 18.031564654000022, 8.010690019000151 ], [ 18.217842666000024, 8.024357333000125 ], [ 18.204429559000175, 8.055739033000179 ], [ 18.196197809000125, 8.078880758000082 ], [ 18.187816000000169, 8.122615 ], [ 18.182760089000112, 8.147998949000055 ], [ 18.177476001000059, 8.174528501000111 ], [ 18.1694989, 8.213616578000142 ], [ 18.167528551000146, 8.256528334999985 ], [ 18.177509, 8.297243999000159 ], [ 18.177851000999965, 8.339806 ], [ 18.161161140000104, 8.385858436000149 ], [ 18.143140716000175, 8.41985432600012 ], [ 18.128449060000094, 8.479060769000114 ], [ 18.123913523999988, 8.526026969000156 ], [ 18.105204992000154, 8.553324525000164 ], [ 18.074721179000051, 8.572830713000087 ], [ 18.061960786000043, 8.608320866000156 ], [ 18.054705931000115, 8.639832808000108 ], [ 18.049263609000093, 8.66769079300019 ], [ 18.049884336000048, 8.717356469000151 ], [ 18.057917292000184, 8.750873590000026 ], [ 18.04981706500007, 8.801855698000168 ], [ 18.019275881000112, 8.848879828000179 ], [ 18.004121902000122, 8.893469665000168 ], [ 17.997001405000105, 8.930528798000182 ], [ 18.001641397000128, 8.960826418000067 ], [ 18.030118885000036, 8.984047493000162 ], [ 18.054367023000111, 9.000854582000159 ], [ 18.093048584000087, 9.019746845000043 ], [ 18.123468358000139, 9.046373619000121 ], [ 18.14310618200011, 9.072751611 ], [ 18.167493841000123, 9.111399834000053 ], [ 18.192017582000176, 9.151763031000087 ], [ 18.189580792000186, 9.176648560999979 ], [ 18.152716912000074, 9.178717598000048 ], [ 18.101895399000171, 9.186746922 ], [ 18.045829921000063, 9.193362509 ], [ 18.008367115000112, 9.200663880000093 ], [ 17.991291846000138, 9.218913666000162 ], [ 17.958212666000122, 9.233944597000118 ], [ 17.918066903000181, 9.2537933320001 ], [ 17.887513125000055, 9.269010740000112 ], [ 17.834266465000155, 9.295723985000109 ], [ 17.815764916000091, 9.334517041000026 ], [ 17.798806074000026, 9.371397923000131 ], [ 17.782802071000049, 9.402860235000048 ], [ 17.754285784000047, 9.438721135000151 ], [ 17.724269916000083, 9.444465843000103 ], [ 17.68008381400017, 9.447625349000077 ], [ 17.658260582000025, 9.469421892000071 ], [ 17.644449000000122, 9.50295 ], [ 17.620535000000189, 9.54280400000016 ], [ 17.595587, 9.56734 ], [ 17.554015695000089, 9.597018893000154 ] ] ] } },
{ "type": "Feature", "properties": { "adm1_name": "MAYO KEBBI EST", "adm1_name1": null, "adm1_name2": null, "adm1_name3": null, "adm1_pcode": "TCD11", "adm0_name": "Tchad", "adm0_name1": null, "adm0_name2": null, "adm0_name3": null, "adm0_pcode": "TCD", "valid_on": "2025-02-12", "valid_to": null, "area_sqkm": 18141.687428379999, "version": "v01", "lang": "fr", "lang1": null, "lang2": null, "lang3": null, "center_lat": 10.21517808, "center_lon": 15.80694886 }, "geometry": { "type": "Polygon", "coordinates": [ [ [ 15.875536196000098, 10.781058565000023 ], [ 15.845824225000058, 10.789714766000088 ], [ 15.819185056000151, 10.798280628000043 ], [ 15.779396964000171, 10.808413194000025 ], [ 15.739767003000054, 10.831117612000071 ], [ 15.713053165000076, 10.854125999000189 ], [ 15.691577918000178, 10.874017029000186 ], [ 15.668409589000191, 10.887278833000039 ], [ 15.642961501000116, 10.904126674 ], [ 15.600058809000018, 10.909076218000109 ], [ 15.567750840000031, 10.924351732000105 ], [ 15.542183122000154, 10.941706121000095 ], [ 15.534220771000093, 10.973444432000065 ], [ 15.503064823000102, 11.008628337 ], [ 15.472594992000097, 11.029357982000022 ], [ 15.438000001000034, 11.061000001000025 ], [ 15.421000001000152, 11.114 ], [ 15.408, 11.181000001000086 ], [ 15.397000000999981, 11.212000000000103 ], [ 15.231000001999973, 11.208999999000127 ], [ 15.081326915000091, 11.12096345100008 ], [ 15.038647585000035, 11.092471293000187 ], [ 15.043024796000111, 11.064121196000087 ], [ 15.047273475000168, 11.038002910000159 ], [ 15.053631938000024, 10.998471366000103 ], [ 15.073104966000074, 10.957164860000091 ], [ 15.085578512999973, 10.923028766000073 ], [ 15.092379397000116, 10.889175335000061 ], [ 15.088370044000158, 10.863041404 ], [ 15.072020339000119, 10.841582948 ], [ 15.0712510890001, 10.809604481000065 ], [ 15.088579918999983, 10.770188083000107 ], [ 15.099377165000021, 10.746198143000072 ], [ 15.115664373000129, 10.722121080000022 ], [ 15.134169401000179, 10.688959965000151 ], [ 15.142011743000126, 10.66402997800003 ], [ 15.154630003000022, 10.638270220000095 ], [ 15.149426417000086, 10.598997561999965 ], [ 15.144555701000115, 10.559341129000188 ], [ 15.154306012000177, 10.530549965999967 ], [ 15.181185790000029, 10.51364211200007 ], [ 15.202988262000076, 10.500234746000103 ], [ 15.22705005, 10.482878246000041 ], [ 15.243702472000109, 10.457265482000025 ], [ 15.264693929000089, 10.423553479000134 ], [ 15.279307019000044, 10.393411765000053 ], [ 15.282858917000112, 10.36548364600003 ], [ 15.293221137000046, 10.341693657000121 ], [ 15.307048291000115, 10.312644846000126 ], [ 15.32955719600011, 10.303829007000161 ], [ 15.350813585000026, 10.28932713800009 ], [ 15.371895856000037, 10.262420656000131 ], [ 15.390891519000149, 10.246311919 ], [ 15.406752901000118, 10.22477820600011 ], [ 15.425708262000057, 10.205577957000116 ], [ 15.447308148000047, 10.181618928000091 ], [ 15.466228923000187, 10.146644454000125 ], [ 15.488570454000126, 10.119886061000102 ], [ 15.50431937899998, 10.099696179999967 ], [ 15.528773037, 10.092704413000149 ], [ 15.552168498000185, 10.072172839000075 ], [ 15.580044183000098, 10.065601861000118 ], [ 15.598752521000108, 10.048537981000095 ], [ 15.630489495000063, 10.035042243000078 ], [ 15.662583372000142, 10.016190118000168 ], [ 15.682055114000093, 10.000568052000062 ], [ 15.65551130700004, 9.985386937000101 ], [ 15.536225951000119, 9.95652759800015 ], [ 15.511189244999969, 9.951322491000155 ], [ 15.413837188, 9.938478965000115 ], [ 15.38202172400014, 9.953610556 ], [ 15.35998247200007, 9.964744580000058 ], [ 15.241032525000094, 9.991806517000157 ], [ 15.207565998000121, 9.992220221000082 ], [ 15.163555945000155, 9.992539509000039 ], [ 15.125900088000151, 9.990785369000037 ], [ 15.105941262000044, 9.970548563000023 ], [ 15.060755019999988, 9.948914170000137 ], [ 15.031629769000062, 9.967478642000117 ], [ 15.000188749000074, 9.969189752000148 ], [ 14.957569086000092, 9.982823028000155 ], [ 14.798912992000055, 9.934298474000173 ], [ 14.741189989000077, 9.935471324000048 ], [ 14.736734500000068, 9.898249376000138 ], [ 14.729101707000154, 9.868312145000118 ], [ 14.727670745000069, 9.827079218000108 ], [ 14.737934650000113, 9.784733189000121 ], [ 14.743039201000101, 9.750773308000021 ], [ 14.747383144000082, 9.722178689000145 ], [ 14.749784401999989, 9.679901813000129 ], [ 14.802408500000126, 9.668104625000126 ], [ 14.851227001000041, 9.674903501000074 ], [ 14.89380906100007, 9.683810054000105 ], [ 14.930421, 9.696474 ], [ 14.959698279000122, 9.693088837000175 ], [ 14.995066000000179, 9.677526125000043 ], [ 15.027934019000156, 9.662502267000036 ], [ 15.046460016000083, 9.638564422000115 ], [ 15.034968451000111, 9.608375590000037 ], [ 15.053168, 9.567480500000158 ], [ 15.071612662000064, 9.554055860000119 ], [ 15.087474500000098, 9.513758001000042 ], [ 15.08896838600009, 9.483821865000039 ], [ 15.088821249000091, 9.449238458000025 ], [ 15.102292329000022, 9.417975766999973 ], [ 15.116019153000138, 9.397648155000127 ], [ 15.134256610000023, 9.365645536000159 ], [ 15.15228100000013, 9.346084001000122 ], [ 15.181811, 9.324564 ], [ 15.213867000000107, 9.309964 ], [ 15.244498001000125, 9.294676001000084 ], [ 15.278883125000107, 9.26725362500008 ], [ 15.306601539000098, 9.255371304999983 ], [ 15.329462312999965, 9.245757060000074 ], [ 15.357023247000086, 9.231224861000157 ], [ 15.385902869, 9.218492311000034 ], [ 15.417012401000079, 9.209005600000182 ], [ 15.445000001000153, 9.242 ], [ 15.475, 9.289 ], [ 15.484000001000084, 9.319000000000131 ], [ 15.527466261000086, 9.37230708300001 ], [ 15.551259400999982, 9.401406421000047 ], [ 15.586952661000112, 9.439865289000124 ], [ 15.612466376000157, 9.461556496000128 ], [ 15.665, 9.504 ], [ 15.676718931000096, 9.535186626000154 ], [ 15.69, 9.590000001000135 ], [ 15.714000001000102, 9.602000001000022 ], [ 15.726313915000048, 9.67146194999998 ], [ 15.764713500000141, 9.712169001000063 ], [ 15.799924226000087, 9.719215858000041 ], [ 15.850551768000173, 9.714511869000091 ], [ 15.880268667000053, 9.701816543000064 ], [ 15.889178000000129, 9.676120000000139 ], [ 15.923651501000052, 9.655018 ], [ 15.967627216000039, 9.664546983000093 ], [ 15.997744001000115, 9.684325001000161 ], [ 16.032530000000179, 9.701885000000118 ], [ 16.067469, 9.740529001000027 ], [ 16.101008250000064, 9.769918500000131 ], [ 16.137997, 9.810439000000144 ], [ 16.161541501000102, 9.854938876 ], [ 16.185318000000109, 9.885835001000146 ], [ 16.201672, 9.9109610000001 ], [ 16.217859000000146, 9.948739 ], [ 16.229078001000175, 9.983490001 ], [ 16.245513478000191, 10.006509016000109 ], [ 16.262999999000101, 10.031 ], [ 16.242588515000023, 10.095870136000144 ], [ 16.240999001000148, 10.134 ], [ 16.233984888, 10.190969195000037 ], [ 16.207285555000055, 10.203884131000166 ], [ 16.187143997000135, 10.22753437800003 ], [ 16.174, 10.265000001000146 ], [ 16.151809540000158, 10.282147174000045 ], [ 16.129, 10.314000001000068 ], [ 16.122999499, 10.382 ], [ 16.121, 10.465000001000021 ], [ 16.149000001000161, 10.707000001000097 ], [ 16.139462128000105, 10.740630747000068 ], [ 16.12314037900012, 10.759792757000127 ], [ 16.052393293000137, 10.754944678000186 ], [ 16.031135059000121, 10.764969392000069 ], [ 16.006639152000105, 10.777741494000111 ], [ 15.968506788000184, 10.777906264000023 ], [ 15.936732751000079, 10.780141752000077 ], [ 15.901608009000142, 10.774779505000083 ], [ 15.875536196000098, 10.781058565000023 ] ] ] } },
{ "type": "Feature", "properties": { "adm1_name": "MAYO KEBBI OUEST", "adm1_name1": null, "adm1_name2": null, "adm1_name3": null, "adm1_pcode": "TCD12", "adm0_name": "Tchad", "adm0_name1": null, "adm0_name2": null, "adm0_name3": null, "adm0_pcode": "TCD", "valid_on": "2025-02-12", "valid_to": null, "area_sqkm": 12521.070132770001, "version": "v01", "lang": "fr", "lang1": null, "lang2": null, "lang3": null, "center_lat": 9.22485859, "center_lon": 14.86671807 }, "geometry": { "type": "Polygon", "coordinates": [ [ [ 14.749784401999989, 9.679901813000129 ], [ 14.747383144000082, 9.722178689000145 ], [ 14.743039201000101, 9.750773308000021 ], [ 14.737934650000113, 9.784733189000121 ], [ 14.727670745000069, 9.827079218000108 ], [ 14.729101707000154, 9.868312145000118 ], [ 14.736734500000068, 9.898249376000138 ], [ 14.741189989000077, 9.935471324000048 ], [ 14.724571970000056, 9.949027763000174 ], [ 14.687135553000076, 9.956455747000177 ], [ 14.633600048000176, 9.967730711000115 ], [ 14.512549325000066, 9.992762292000066 ], [ 14.47289805600019, 10.003514875000064 ], [ 14.211524348000069, 9.9986503290001 ], [ 14.1726367710001, 9.906704531000059 ], [ 14.155783806000045, 9.867481440000063 ], [ 14.13393451900015, 9.82924678400019 ], [ 14.098961431000134, 9.800560083000107 ], [ 14.020843378000166, 9.72487652500007 ], [ 13.979948575000037, 9.645370157000059 ], [ 13.999919664000174, 9.623490036000078 ], [ 14.030394013000148, 9.613631195000153 ], [ 14.086411065000163, 9.55088550500011 ], [ 14.104951480000068, 9.520971264000082 ], [ 14.129656670000088, 9.503431176999982 ], [ 14.15461207300018, 9.49426689600017 ], [ 14.175046707000035, 9.472892452000167 ], [ 14.19785983200012, 9.446105097000043 ], [ 14.225404877000074, 9.424312375000113 ], [ 14.236984945000017, 9.400275268000144 ], [ 14.250658709000049, 9.380214073 ], [ 14.274404976000085, 9.359032116000037 ], [ 14.310081803000116, 9.358758403000081 ], [ 14.328816235000033, 9.329726944000072 ], [ 14.342962092999983, 9.30514863500008 ], [ 14.372319353000023, 9.284866717999989 ], [ 14.369111846000123, 9.241545556000119 ], [ 14.354429820000178, 9.207226059999982 ], [ 14.371943058000056, 9.178894974000116 ], [ 14.392915366000182, 9.161668362000171 ], [ 14.411096955000062, 9.143086988000164 ], [ 14.432231274000173, 9.128477540000176 ], [ 14.458889437999972, 9.114407155000151 ], [ 14.474535964000154, 9.091797356000143 ], [ 14.490214916000184, 9.063146161000191 ], [ 14.587553934000027, 8.994586367000124 ], [ 14.848633792000157, 8.812597088000189 ], [ 14.875967071000105, 8.819869649000168 ], [ 14.902415762000146, 8.80333129600001 ], [ 14.918326754000134, 8.771788933000096 ], [ 14.940036212000166, 8.752063501000123 ], [ 14.981357677000062, 8.733267478000073 ], [ 14.986948402000166, 8.69760266500009 ], [ 15.010048417000178, 8.685821380000107 ], [ 15.048793097000157, 8.676988866000102 ], [ 15.086800880000169, 8.665261425000097 ], [ 15.107342710000182, 8.649702403000049 ], [ 15.135227373000134, 8.613204838000115 ], [ 15.153526275000047, 8.575057144000027 ], [ 15.167531976000078, 8.545771187000071 ], [ 15.190197808000164, 8.513528771999972 ], [ 15.209809350000114, 8.485985266000114 ], [ 15.229454990000022, 8.454977402000111 ], [ 15.258324135000123, 8.463541938000105 ], [ 15.236000000000161, 8.501000001000136 ], [ 15.246000000000151, 8.537000001000024 ], [ 15.245000000000175, 8.574000000000126 ], [ 15.262999999000101, 8.611000000000161 ], [ 15.279722849000166, 8.66860276400007 ], [ 15.295991165000089, 8.704936775000135 ], [ 15.319010414, 8.725625663000073 ], [ 15.357, 8.759 ], [ 15.355, 8.822000001000049 ], [ 15.357, 8.870000001 ], [ 15.361646432000043, 8.908915242000148 ], [ 15.365, 8.937 ], [ 15.393983039000148, 8.988109036000026 ], [ 15.387000001000047, 9.033000000000129 ], [ 15.439200001000017, 9.06720000100006 ], [ 15.432000000000187, 9.092000001000144 ], [ 15.433000001000039, 9.135 ], [ 15.433582458000046, 9.177119429000072 ], [ 15.417012401000079, 9.209005600000182 ], [ 15.385902869, 9.218492311000034 ], [ 15.357023247000086, 9.231224861000157 ], [ 15.329462312999965, 9.245757060000074 ], [ 15.306601539000098, 9.255371304999983 ], [ 15.278883125000107, 9.26725362500008 ], [ 15.244498001000125, 9.294676001000084 ], [ 15.213867000000107, 9.309964 ], [ 15.181811, 9.324564 ], [ 15.15228100000013, 9.346084001000122 ], [ 15.134256610000023, 9.365645536000159 ], [ 15.116019153000138, 9.397648155000127 ], [ 15.102292329000022, 9.417975766999973 ], [ 15.088821249000091, 9.449238458000025 ], [ 15.08896838600009, 9.483821865000039 ], [ 15.087474500000098, 9.513758001000042 ], [ 15.071612662000064, 9.554055860000119 ], [ 15.053168, 9.567480500000158 ], [ 15.034968451000111, 9.608375590000037 ], [ 15.046460016000083, 9.638564422000115 ], [ 15.027934019000156, 9.662502267000036 ], [ 14.995066000000179, 9.677526125000043 ], [ 14.959698279000122, 9.693088837000175 ], [ 14.930421, 9.696474 ], [ 14.89380906100007, 9.683810054000105 ], [ 14.851227001000041, 9.674903501000074 ], [ 14.802408500000126, 9.668104625000126 ], [ 14.749784401999989, 9.679901813000129 ] ] ] } },
{ "type": "Feature", "properties": { "adm1_name": "MOYEN CHARI", "adm1_name1": null, "adm1_name2": null, "adm1_name3": null, "adm1_pcode": "TCD13", "adm0_name": "Tchad", "adm0_name1": null, "adm0_name2": null, "adm0_name3": null, "adm0_pcode": "TCD", "valid_on": "2025-02-12", "valid_to": null, "area_sqkm": 41399.438407449998, "version": "v01", "lang": "fr", "lang1": null, "lang2": null, "lang3": null, "center_lat": 9.31512051, "center_lon": 18.86595505 }, "geometry": { "type": "Polygon", "coordinates": [ [ [ 19.695453705999967, 10.582430466000062 ], [ 19.618999500000086, 10.526000000000124 ], [ 19.584000001000106, 10.478000000000179 ], [ 19.533000906999973, 10.475000053000031 ], [ 19.495999999000105, 10.496000001000084 ], [ 19.430000000000177, 10.469000000000165 ], [ 19.391000750000103, 10.425 ], [ 19.382000001000108, 10.382 ], [ 19.344000001000154, 10.344 ], [ 19.355000001000064, 10.299 ], [ 19.320999625000127, 10.270000001000142 ], [ 19.284000001000095, 10.224000001000093 ], [ 19.240999626000189, 10.209000001000106 ], [ 19.215000001000078, 10.187000000000182 ], [ 19.208, 10.146000001 ], [ 19.160999855000114, 10.154999836000115 ], [ 19.138, 10.129 ], [ 19.125997344000098, 10.083996047000085 ], [ 19.080999500000019, 10.0015 ], [ 19.035433000000182, 9.988 ], [ 18.825001000999976, 9.987999999000124 ], [ 18.794001, 9.879 ], [ 18.737000001000013, 9.877000001000056 ], [ 18.632000001000108, 9.919 ], [ 18.642000000000166, 10.025000000999967 ], [ 18.496, 10.185999999000103 ], [ 18.437000000000126, 10.212000001000035 ], [ 18.381000220000146, 10.246999863000099 ], [ 18.341, 10.240000001 ], [ 18.289, 10.262000001000047 ], [ 18.246999999000138, 10.293 ], [ 18.209, 10.321999999000127 ], [ 18.164000000000158, 10.346000000000174 ], [ 18.104, 10.365000001000055 ], [ 18.066999586000065, 10.350000238000064 ], [ 18.013, 10.381 ], [ 17.962000001000092, 10.397 ], [ 17.864000000000146, 10.49700000100006 ], [ 17.725, 10.477 ], [ 17.542999931000111, 10.45100005300003 ], [ 17.489000001000022, 10.172000001000129 ], [ 17.38187857600019, 9.825550066000062 ], [ 17.461000001, 9.785000001000185 ], [ 17.521000000000129, 9.740000001000112 ], [ 17.591000000000179, 9.673 ], [ 17.575001000000157, 9.62400000100007 ], [ 17.554015695000089, 9.597018893000154 ], [ 17.595587, 9.56734 ], [ 17.620535000000189, 9.54280400000016 ], [ 17.644449000000122, 9.50295 ], [ 17.658260582000025, 9.469421892000071 ], [ 17.68008381400017, 9.447625349000077 ], [ 17.724269916000083, 9.444465843000103 ], [ 17.754285784000047, 9.438721135000151 ], [ 17.782802071000049, 9.402860235000048 ], [ 17.798806074000026, 9.371397923000131 ], [ 17.815764916000091, 9.334517041000026 ], [ 17.834266465000155, 9.295723985000109 ], [ 17.887513125000055, 9.269010740000112 ], [ 17.918066903000181, 9.2537933320001 ], [ 17.958212666000122, 9.233944597000118 ], [ 17.991291846000138, 9.218913666000162 ], [ 18.008367115000112, 9.200663880000093 ], [ 18.045829921000063, 9.193362509 ], [ 18.101895399000171, 9.186746922 ], [ 18.152716912000074, 9.178717598000048 ], [ 18.189580792000186, 9.176648560999979 ], [ 18.192017582000176, 9.151763031000087 ], [ 18.167493841000123, 9.111399834000053 ], [ 18.14310618200011, 9.072751611 ], [ 18.123468358000139, 9.046373619000121 ], [ 18.093048584000087, 9.019746845000043 ], [ 18.054367023000111, 9.000854582000159 ], [ 18.030118885000036, 8.984047493000162 ], [ 18.001641397000128, 8.960826418000067 ], [ 17.997001405000105, 8.930528798000182 ], [ 18.004121902000122, 8.893469665000168 ], [ 18.019275881000112, 8.848879828000179 ], [ 18.04981706500007, 8.801855698000168 ], [ 18.057917292000184, 8.750873590000026 ], [ 18.049884336000048, 8.717356469000151 ], [ 18.049263609000093, 8.66769079300019 ], [ 18.054705931000115, 8.639832808000108 ], [ 18.061960786000043, 8.608320866000156 ], [ 18.074721179000051, 8.572830713000087 ], [ 18.105204992000154, 8.553324525000164 ], [ 18.123913523999988, 8.526026969000156 ], [ 18.128449060000094, 8.479060769000114 ], [ 18.143140716000175, 8.41985432600012 ], [ 18.161161140000104, 8.385858436000149 ], [ 18.177851000999965, 8.339806 ], [ 18.177509, 8.297243999000159 ], [ 18.167528551000146, 8.256528334999985 ], [ 18.1694989, 8.213616578000142 ], [ 18.177476001000059, 8.174528501000111 ], [ 18.182760089000112, 8.147998949000055 ], [ 18.187816000000169, 8.122615 ], [ 18.196197809000125, 8.078880758000082 ], [ 18.204429559000175, 8.055739033000179 ], [ 18.217842666000024, 8.024357333000125 ], [ 18.246571710000126, 8.025556000000108 ], [ 18.275835001000132, 8.026527500000043 ], [ 18.312458530000129, 8.028332860000035 ], [ 18.345649903000094, 8.030014507000146 ], [ 18.381168268000181, 8.031626214000028 ], [ 18.413749240000129, 8.033055000000104 ], [ 18.442337283000029, 8.034001749000026 ], [ 18.481497233000084, 8.035847876999981 ], [ 18.52345503600003, 8.037891936999983 ], [ 18.563303053000084, 8.040405692999968 ], [ 18.598922816000027, 8.051832032000107 ], [ 18.622806200000127, 8.069049370000073 ], [ 18.634115965000035, 8.102602158000138 ], [ 18.637764043000061, 8.15237580500019 ], [ 18.655861832000085, 8.183613356000137 ], [ 18.674876926000081, 8.210237181000025 ], [ 18.700211747000139, 8.226118814000017 ], [ 18.726153772000146, 8.23587210200003 ], [ 18.762727133999988, 8.246441456000014 ], [ 18.792619738000099, 8.258479682000086 ], [ 18.81183244500005, 8.273415773000181 ], [ 18.830058029999975, 8.290414532000057 ], [ 18.845340959000168, 8.313793023000017 ], [ 18.862995336000097, 8.345375077000142 ], [ 18.891974742000173, 8.367911308000032 ], [ 18.913888424, 8.388588711000182 ], [ 18.922195141000145, 8.419870259000106 ], [ 18.936279237000178, 8.442862796000099 ], [ 18.956105863000175, 8.461561397000139 ], [ 18.976031793, 8.483473003000142 ], [ 19.001512688000048, 8.514267881000137 ], [ 19.03796590200011, 8.545078538999974 ], [ 19.050145530000123, 8.586608928000146 ], [ 19.067906667000045, 8.622375527000145 ], [ 19.081436096000118, 8.638791121000168 ], [ 19.109864920000064, 8.664801705000059 ], [ 19.096114047000128, 8.700695040000085 ], [ 19.062400384000171, 8.716008633000172 ], [ 19.031691817000137, 8.736311600000022 ], [ 19.012254430000098, 8.760536621000085 ], [ 18.982750997000153, 8.774635838000052 ], [ 18.946581335000076, 8.804253329 ], [ 18.909049171000106, 8.821813936000012 ], [ 18.903322448000097, 8.851499365000109 ], [ 18.872762919000138, 8.852213637000091 ], [ 18.86505281500007, 8.876430538000136 ], [ 18.892298837000055, 8.898139140000069 ], [ 18.915659064000124, 8.922865885000078 ], [ 18.944902641000112, 8.930874395000103 ], [ 18.968040337000161, 8.944098995000047 ], [ 18.985706477000065, 8.967973166000036 ], [ 19.022306722000167, 8.992441143000121 ], [ 19.06270465700004, 9.001595117000079 ], [ 19.088151219000167, 9.012183665000066 ], [ 19.1274400960001, 9.009226642999977 ], [ 19.163745528000049, 9.013944389000073 ], [ 19.186135978000038, 9.024832362999973 ], [ 19.215404902999978, 9.030216268000061 ], [ 19.252743744000043, 9.025746462000029 ], [ 19.295699675000037, 9.011640789000069 ], [ 19.336052740000127, 9.016590384000096 ], [ 19.374038462000158, 9.02194948500005 ], [ 19.417659855000124, 9.021650590999968 ], [ 19.447490134000134, 9.016077610000082 ], [ 19.478769650000061, 9.013023646000022 ], [ 19.513884106000035, 9.022052302000077 ], [ 19.545300658000087, 9.025367224000092 ], [ 19.573510927000029, 9.032712583000091 ], [ 19.602911783000081, 9.024520406000022 ], [ 19.639729295000109, 9.023991337000041 ], [ 19.678219197000146, 9.030236352000088 ], [ 19.706149215000039, 9.037187294000034 ], [ 19.728850883000064, 9.048779882000133 ], [ 19.764945880000084, 9.056408804000057 ], [ 19.803424494000069, 9.057200255000112 ], [ 19.835256598000058, 9.059473117000039 ], [ 19.861758734000091, 9.065929339999968 ], [ 19.886124512000151, 9.066796329000056 ], [ 19.917136667000079, 9.072951879000072 ], [ 19.942649176000032, 9.086764141000174 ], [ 19.978520126000092, 9.098174 ], [ 19.922999999000069, 9.269000000000119 ], [ 19.833840944000144, 9.524318981000022 ], [ 19.79313667700012, 9.640881139000044 ], [ 19.695012402000032, 9.910985556000185 ], [ 19.656682093000029, 9.999550060000047 ], [ 19.613001000000111, 10.067 ], [ 19.653999000000169, 10.097 ], [ 19.648001, 10.156 ], [ 19.681000001000029, 10.213000001000125 ], [ 19.691999000000123, 10.267000001000042 ], [ 19.635, 10.289 ], [ 19.695453705999967, 10.582430466000062 ] ] ] } },
{ "type": "Feature", "properties": { "adm1_name": "N'DJAMENA", "adm1_name1": null, "adm1_name2": null, "adm1_name3": null, "adm1_pcode": "TCD18", "adm0_name": "Tchad", "adm0_name1": null, "adm0_name2": null, "adm0_name3": null, "adm0_pcode": "TCD", "valid_on": "2025-02-12", "valid_to": null, "area_sqkm": 435.57828473000001, "version": "v01", "lang": "fr", "lang1": null, "lang2": null, "lang3": null, "center_lat": 12.12498268, "center_lon": 15.048157 }, "geometry": { "type": "Polygon", "coordinates": [ [ [ 15.079464754000128, 12.229773599000112 ], [ 15.049632069000097, 12.232888197000023 ], [ 15.020895569000118, 12.226626508000038 ], [ 14.997503639000172, 12.209496562000027 ], [ 14.973482923000063, 12.201238371000045 ], [ 14.945780890000094, 12.193126565000171 ], [ 14.903619406000075, 12.186219461000121 ], [ 14.889490936000072, 12.163388651000048 ], [ 14.912297581000189, 12.140980142000046 ], [ 14.955739096000173, 12.103080777000116 ], [ 14.986510087000056, 12.106280054000081 ], [ 15.009792650000065, 12.118006675000174 ], [ 15.036230419000049, 12.092759106000074 ], [ 15.055981821000046, 12.061572657000113 ], [ 15.054365208000149, 12.033533371999965 ], [ 15.083876798000176, 12.020333628000117 ], [ 15.107914016, 12.012423516000013 ], [ 15.13287992100004, 12.015114303000189 ], [ 15.167511079, 12.02462113100006 ], [ 15.179377795999983, 12.067723377000107 ], [ 15.184820297999977, 12.100701613000069 ], [ 15.160180437000122, 12.131958683000107 ], [ 15.151849979000076, 12.172099365000122 ], [ 15.121204134000095, 12.199096716000042 ], [ 15.079464754000128, 12.229773599000112 ] ] ] } },
{ "type": "Feature", "properties": { "adm1_name": "OUADDAÏ", "adm1_name1": null, "adm1_name2": null, "adm1_name3": null, "adm1_pcode": "TCD14", "adm0_name": "Tchad", "adm0_name1": null, "adm0_name2": null, "adm0_name3": null, "adm0_pcode": "TCD", "valid_on": "2025-02-12", "valid_to": null, "area_sqkm": 40662.644989979999, "version": "v01", "lang": "fr", "lang1": null, "lang2": null, "lang3": null, "center_lat": 13.03227689, "center_lon": 20.59544228 }, "geometry": { "type": "Polygon", "coordinates": [ [ [ 20.718, 14.379 ], [ 20.662000000999967, 14.395000001000085 ], [ 20.606, 14.41400000100009 ], [ 20.533000000000186, 14.398 ], [ 20.486000001000093, 14.376 ], [ 20.35780700100014, 14.386205 ], [ 20.288315000000182, 14.325082 ], [ 20.241509, 14.299147001000108 ], [ 20.210429001000023, 14.260120000000143 ], [ 20.18737, 14.229099 ], [ 20.13611950100011, 14.158025500000065 ], [ 20.062000964000163, 14.082392471 ], [ 20.0560051490001, 13.957248041000071 ], [ 20.229428118000044, 13.852106742000103 ], [ 20.264733623999973, 13.831153194000137 ], [ 20.293929227000092, 13.758222346000082 ], [ 20.277644828000177, 13.678079836 ], [ 20.273548418000132, 13.651267028000177 ], [ 20.268255396000086, 13.621705032000079 ], [ 20.279700975000026, 13.581980362000024 ], [ 20.302482583000085, 13.545628614000179 ], [ 20.347740780000095, 13.456057015000056 ], [ 20.365573553000047, 13.419647946000168 ], [ 20.368763229000024, 13.345378489000097 ], [ 20.357727249000106, 13.059000001000072 ], [ 20.357, 13.020000001000085 ], [ 20.331000001000064, 13.001 ], [ 20.045000000000186, 12.935 ], [ 20.117000001, 12.881999999000186 ], [ 20.163000001000057, 12.838 ], [ 20.230000001000178, 12.800000001000114 ], [ 20.244, 12.764000000000124 ], [ 20.204000000000178, 12.729000001000088 ], [ 20.174, 12.727 ], [ 20.114000002000068, 12.614 ], [ 20.154000001000043, 12.531000001000166 ], [ 20.082000001000097, 12.494 ], [ 20.001000001000136, 12.38500000099998 ], [ 19.94, 12.246000001000084 ], [ 19.905000001000076, 12.118 ], [ 19.889, 12.079000000000121 ], [ 19.908483458000035, 12.034954749000065 ], [ 19.921070001000089, 11.960010001000057 ], [ 19.969999002000066, 11.965 ], [ 20.012492375000136, 11.991934826000147 ], [ 20.026883708000128, 12.027596100000096 ], [ 20.148063001000139, 12.035880000000191 ], [ 20.237000001000069, 12.042 ], [ 20.265072625000073, 12.028857257000084 ], [ 20.296346954, 12.033820664000132 ], [ 20.347021132000066, 12.014065107000079 ], [ 20.63543414600008, 11.875766464000037 ], [ 20.952944566000099, 11.713859183000068 ], [ 21.055860278000068, 11.663709033000032 ], [ 21.065000000999987, 11.693000001000087 ], [ 21.114000001000136, 11.761000001000184 ], [ 21.119, 11.79300000000012 ], [ 21.136, 11.857 ], [ 21.188000001000148, 11.906000001 ], [ 21.216, 11.942000000000178 ], [ 21.230999999000119, 11.986000000000104 ], [ 21.244, 12.022000000000162 ], [ 21.255, 12.050000000000125 ], [ 21.273, 12.091 ], [ 21.259000001000118, 12.124 ], [ 21.237, 12.194 ], [ 21.209421429000145, 12.275202702000058 ], [ 21.229, 12.373 ], [ 21.28100000000012, 12.402000000000157 ], [ 21.303000000000168, 12.442999999000108 ], [ 21.310000001000162, 12.490000001000112 ], [ 21.339, 12.521 ], [ 21.353, 12.556 ], [ 21.358000001000107, 12.647000000000105 ], [ 21.313000001000034, 12.665000000000134 ], [ 21.269000001000109, 12.672 ], [ 21.224000000000103, 12.670000001000062 ], [ 21.139000000000124, 12.649 ], [ 21.095829171000162, 12.639915251000048 ], [ 21.022000001000038, 12.658 ], [ 20.932000000000187, 12.694000001 ], [ 20.92900000100019, 12.752 ], [ 20.941, 12.800000001000114 ], [ 20.91500000100018, 12.853000000000122 ], [ 20.887000000000114, 12.858000000000118 ], [ 20.845000001000187, 12.866000001000089 ], [ 20.779532422999978, 12.886693302000083 ], [ 20.773000000000138, 12.93200000000013 ], [ 20.76300000100008, 12.978000000000179 ], [ 20.763, 13.017000001000042 ], [ 20.874, 13.041000001000043 ], [ 20.964, 13.045000001000062 ], [ 21.095, 13.081000000000188 ], [ 21.15200000100009, 13.094 ], [ 21.296907741000098, 13.119635802 ], [ 21.408000001000175, 13.145 ], [ 21.446, 13.146000001000118 ], [ 21.49470288200007, 13.15386957700008 ], [ 21.570000000000164, 13.184 ], [ 21.632000000000119, 13.209000000000174 ], [ 21.627000001000056, 13.159000000999981 ], [ 21.62200000100006, 13.094000001000154 ], [ 21.63, 13.059000001000072 ], [ 21.625, 12.979000001000088 ], [ 21.657000000999972, 12.886000000000138 ], [ 21.681000001000143, 12.861 ], [ 21.743, 12.826 ], [ 21.776000000000181, 12.816 ], [ 21.815398422000044, 12.808919896000134 ], [ 21.840602211000089, 12.833053024000094 ], [ 21.856542182999988, 12.870208216000037 ], [ 21.864034074000017, 12.895526983000138 ], [ 21.876781909999977, 12.919346859000143 ], [ 21.88695492800008, 12.95804916000003 ], [ 21.904979649000097, 12.994292148000113 ], [ 21.928218833000187, 13.023553786999969 ], [ 21.927094407000084, 13.048556554000072 ], [ 21.94392506100013, 13.06713922199998 ], [ 21.978619854000101, 13.085153294000122 ], [ 22.00179914000006, 13.110984184000074 ], [ 22.022894434000023, 13.140536928000131 ], [ 22.066580180000074, 13.147222076000105 ], [ 22.092493386000115, 13.165028024000037 ], [ 22.124917264000032, 13.168515254999988 ], [ 22.152678415000082, 13.198582230000056 ], [ 22.174168595000026, 13.224664695000115 ], [ 22.189511904000085, 13.251984690000086 ], [ 22.217549038000129, 13.278004043000067 ], [ 22.241085726000165, 13.302696594000111 ], [ 22.265005318000078, 13.329956508000123 ], [ 22.282712995000168, 13.347398478000173 ], [ 22.287325464000105, 13.373098629000083 ], [ 22.277150590000076, 13.396545012000161 ], [ 22.260423274000175, 13.416951035000011 ], [ 22.247790640000176, 13.440453212000136 ], [ 22.232539183000085, 13.467476057 ], [ 22.219064104000097, 13.494930579000027 ], [ 22.220770234000042, 13.532562895000126 ], [ 22.206954947000099, 13.556184552000161 ], [ 22.192123477000052, 13.576612034000107 ], [ 22.166100250000113, 13.599236060000123 ], [ 22.142421477000141, 13.635668112000019 ], [ 22.120267333000129, 13.67583017000004 ], [ 22.126615467000136, 13.700813937000135 ], [ 22.123626915000102, 13.731908259000022 ], [ 22.101249837000125, 13.757135419000122 ], [ 22.137758186000042, 13.853981430000147 ], [ 22.199160987000084, 13.917696221000142 ], [ 22.171163541999988, 13.918634662000045 ], [ 22.129999979, 13.947000031000186 ], [ 22.08899998000004, 13.968000031000088 ], [ 22.01799998000007, 13.989000031000046 ], [ 21.982999980000159, 14.00200003100008 ], [ 21.777999981, 14.060000031000186 ], [ 21.670999980999966, 14.092000030000122 ], [ 21.584999981000067, 14.099000031000116 ], [ 21.554999982000027, 14.101000032000115 ], [ 21.503999981000106, 14.115000032000125 ], [ 21.437000001000115, 14.126000023000188 ], [ 21.382000001000108, 14.111000001000036 ], [ 21.314000001000181, 14.06800000100003 ], [ 21.253000000999975, 14.039000000000158 ], [ 21.197036, 14.07937100100014 ], [ 21.142, 14.096000000000117 ], [ 21.109054280000066, 14.128560718000017 ], [ 21.084000000000117, 14.139000000000124 ], [ 21.032, 14.142000001000099 ], [ 21.005, 14.153000001 ], [ 20.962000000999979, 14.196999999000127 ], [ 20.923000001000048, 14.250000001000103 ], [ 20.846, 14.320000001000096 ], [ 20.767000001000099, 14.367000001000122 ], [ 20.718, 14.379 ] ] ] } },
{ "type": "Feature", "properties": { "adm1_name": "SALAMAT", "adm1_name1": null, "adm1_name2": null, "adm1_name3": null, "adm1_pcode": "TCD15", "adm0_name": "Tchad", "adm0_name1": null, "adm0_name2": null, "adm0_name3": null, "adm0_pcode": "TCD", "valid_on": "2025-02-12", "valid_to": null, "area_sqkm": 67854.010798210002, "version": "v01", "lang": "fr", "lang1": null, "lang2": null, "lang3": null, "center_lat": 10.62606535, "center_lon": 20.71806075 }, "geometry": { "type": "Polygon", "coordinates": [ [ [ 19.908483458000035, 12.034954749000065 ], [ 19.750999500999967, 12.0530000010001 ], [ 19.580000001000087, 12.083000000000141 ], [ 19.496, 12.109 ], [ 19.465, 12.12300000100015 ], [ 19.313000000000159, 11.982000001000131 ], [ 19.341000001000111, 11.855 ], [ 19.256000500000084, 11.72600000000017 ], [ 19.215000000000146, 11.638 ], [ 19.087999901000046, 11.600000269000077 ], [ 19.055000000000177, 11.689000000000135 ], [ 18.9020000000001, 11.692 ], [ 18.874000500000136, 11.477000001000079 ], [ 18.8785, 11.43950000000018 ], [ 18.882999501000143, 11.40200000100009 ], [ 18.902000001000033, 11.331000000000188 ], [ 18.965830227000083, 11.313525441000024 ], [ 19.000987334000115, 11.273014021000108 ], [ 19.056000000000154, 11.244999999000186 ], [ 19.082453738000083, 11.234990014000175 ], [ 19.129999501000043, 11.217 ], [ 19.200624625999978, 11.185500001000094 ], [ 19.232210414000065, 11.180096912000067 ], [ 19.261, 11.154000001000043 ], [ 19.313000000000159, 11.135000001000037 ], [ 19.405000501000188, 11.104 ], [ 19.479000001000031, 11.048 ], [ 19.57, 11.034 ], [ 19.628000001000032, 11.014000000000124 ], [ 19.657, 11.003 ], [ 19.694000000000131, 11.001 ], [ 19.705999500000189, 10.942000000000178 ], [ 19.736999999000034, 10.911000000000115 ], [ 19.707000500000049, 10.873000000000104 ], [ 19.726000001000102, 10.717000000000155 ], [ 19.695453705999967, 10.582430466000062 ], [ 19.635, 10.289 ], [ 19.691999000000123, 10.267000001000042 ], [ 19.681000001000029, 10.213000001000125 ], [ 19.648001, 10.156 ], [ 19.653999000000169, 10.097 ], [ 19.613001000000111, 10.067 ], [ 19.656682093000029, 9.999550060000047 ], [ 19.695012402000032, 9.910985556000185 ], [ 19.79313667700012, 9.640881139000044 ], [ 19.833840944000144, 9.524318981000022 ], [ 19.922999999000069, 9.269000000000119 ], [ 19.978520126000092, 9.098174 ], [ 20.010151699000119, 9.115180929000189 ], [ 20.039568083000063, 9.135592846000065 ], [ 20.084766577000039, 9.136104093000142 ], [ 20.104612982000162, 9.151668030000167 ], [ 20.14068361, 9.137863859999982 ], [ 20.169855528000028, 9.139434641000037 ], [ 20.205459068000096, 9.148549545000151 ], [ 20.248757293000153, 9.133437442000059 ], [ 20.275867286000164, 9.122155002 ], [ 20.303675889000033, 9.122316862000105 ], [ 20.332919626000034, 9.126210594000042 ], [ 20.35867196300012, 9.120205173000045 ], [ 20.379197922000174, 9.139998068000011 ], [ 20.403016312000034, 9.151589595000132 ], [ 20.432610413000077, 9.151105591000089 ], [ 20.458415099000149, 9.185136783000132 ], [ 20.474687991999986, 9.212520045000076 ], [ 20.504071774000124, 9.233049976000075 ], [ 20.497664153000073, 9.276339771000153 ], [ 20.519574037000154, 9.310098339000035 ], [ 20.544154368000079, 9.334303215999967 ], [ 20.573777292000102, 9.330216890000088 ], [ 20.607601527000156, 9.317182354000067 ], [ 20.645834370000102, 9.31607515200011 ], [ 20.652095431000077, 9.342658675000052 ], [ 20.655690098999969, 9.372212181000179 ], [ 20.669496014000174, 9.39789822400013 ], [ 20.699276036000015, 9.398615666000126 ], [ 20.73271187500012, 9.401496876000124 ], [ 20.7709832540001, 9.419653109000024 ], [ 20.799976463000121, 9.440361288000076 ], [ 20.825489764000167, 9.43950930699998 ], [ 20.837318226999969, 9.476528266000059 ], [ 20.862927765999984, 9.48763790300012 ], [ 20.874959891000174, 9.512745159000076 ], [ 20.904664946000082, 9.523200114000133 ], [ 20.921229574000051, 9.547331551000013 ], [ 20.949048564000179, 9.577254644000107 ], [ 20.95511525500001, 9.612665958000093 ], [ 20.980602659000169, 9.627702040000031 ], [ 20.994194875000176, 9.665631734000044 ], [ 20.991797829000063, 9.692640478000101 ], [ 21.000256465000064, 9.716684758000042 ], [ 20.991355742, 9.747314654000036 ], [ 21.022069885000121, 9.731421498999964 ], [ 21.031275657000151, 9.75672609500009 ], [ 21.054654255, 9.772763517000101 ], [ 21.087618267000039, 9.781148442000074 ], [ 21.112666376000163, 9.795755024000186 ], [ 21.117209596, 9.821704869000143 ], [ 21.129269674999989, 9.846940687000028 ], [ 21.152133656000046, 9.872728552000069 ], [ 21.186044404000086, 9.894708693000155 ], [ 21.203467243000034, 9.919990902000109 ], [ 21.216692688000023, 9.94867403000012 ], [ 21.244910152000045, 9.971589484000106 ], [ 21.260586245000127, 9.993053171999975 ], [ 21.296316345000037, 9.978077338000105 ], [ 21.337434976000054, 9.968168924000054 ], [ 21.365661008000075, 9.983937219999973 ], [ 21.390879676, 9.999338170000101 ], [ 21.402374935000182, 10.024542222000036 ], [ 21.412073499000087, 10.05045283200019 ], [ 21.433321137000064, 10.063464189000172 ], [ 21.447482647000072, 10.094799697000099 ], [ 21.457506312000135, 10.131105325000078 ], [ 21.476245725000183, 10.159922176000066 ], [ 21.495973123000113, 10.187629754000056 ], [ 21.516484713000125, 10.208116810000149 ], [ 21.550192243000026, 10.221232159000067 ], [ 21.58699099200004, 10.215401445000055 ], [ 21.61027072700017, 10.222697385000117 ], [ 21.640577372000166, 10.233887660000107 ], [ 21.669486934000133, 10.248474005000048 ], [ 21.690449124000111, 10.28203717100007 ], [ 21.720589010000083, 10.301059505000126 ], [ 21.734039127000131, 10.327397934999965 ], [ 21.726108263000128, 10.352627720000044 ], [ 21.737411676000022, 10.375863307999964 ], [ 21.751704874000097, 10.39917514300015 ], [ 21.762477035000131, 10.42583800400007 ], [ 21.753651397000169, 10.451479539000104 ], [ 21.736371441000188, 10.475351917000182 ], [ 21.716289729000039, 10.498040600000081 ], [ 21.718498594000096, 10.525791102000085 ], [ 21.728089203000081, 10.56268723400018 ], [ 21.728475278000133, 10.607861154000091 ], [ 21.733050727000034, 10.644269539000106 ], [ 21.759988219999968, 10.648256692000018 ], [ 21.782591017000072, 10.667489078000074 ], [ 21.786101580000036, 10.694960202 ], [ 21.787479561000112, 10.72373624100004 ], [ 21.786782156000015, 10.757682259000148 ], [ 21.788989295000135, 10.790430751000088 ], [ 21.808952317000035, 10.810987671000134 ], [ 21.823037394000096, 10.834238228000174 ], [ 21.862100605000023, 10.843330141000081 ], [ 21.891561772000045, 10.859896408000054 ], [ 21.930533223, 10.880822704000082 ], [ 21.964758568000036, 10.889354225000147 ], [ 21.993759010000076, 10.903805240000054 ], [ 22.017367092000143, 10.924892410999973 ], [ 22.041986129000065, 10.933251313000085 ], [ 22.069762388000129, 10.918203801000118 ], [ 22.098212439000179, 10.925276281000151 ], [ 22.128307771000152, 10.928058201999988 ], [ 22.153622326000118, 10.912046595000106 ], [ 22.183036179000112, 10.907632002000128 ], [ 22.215004031000149, 10.917879725000091 ], [ 22.247659749000093, 10.921699870000054 ], [ 22.284404364000011, 10.920980558000053 ], [ 22.306148957000175, 10.93406416900018 ], [ 22.329123823000089, 10.94339675000009 ], [ 22.351741630000163, 10.956564693000075 ], [ 22.388747958000181, 10.967376926000043 ], [ 22.427429002, 10.981832262000069 ], [ 22.464054789000102, 10.997677943000099 ], [ 22.16299999600011, 11.633999999000025 ], [ 22.020205558000157, 11.657406791000085 ], [ 21.952226001000042, 11.704763000000185 ], [ 21.56002641200007, 11.626834440000152 ], [ 21.401532001000021, 11.599910001000069 ], [ 21.16707, 11.56008 ], [ 21.096106537000026, 11.546021008000025 ], [ 21.099000500000102, 11.64 ], [ 21.055860278000068, 11.663709033000032 ], [ 20.952944566000099, 11.713859183000068 ], [ 20.63543414600008, 11.875766464000037 ], [ 20.347021132000066, 12.014065107000079 ], [ 20.296346954, 12.033820664000132 ], [ 20.265072625000073, 12.028857257000084 ], [ 20.237000001000069, 12.042 ], [ 20.148063001000139, 12.035880000000191 ], [ 20.026883708000128, 12.027596100000096 ], [ 20.012492375000136, 11.991934826000147 ], [ 19.969999002000066, 11.965 ], [ 19.921070001000089, 11.960010001000057 ], [ 19.908483458000035, 12.034954749000065 ] ] ] } },
{ "type": "Feature", "properties": { "adm1_name": "SILA", "adm1_name1": null, "adm1_name2": null, "adm1_name3": null, "adm1_pcode": "TCD21", "adm0_name": "Tchad", "adm0_name1": null, "adm0_name2": null, "adm0_name3": null, "adm0_pcode": "TCD", "valid_on": "2025-02-12", "valid_to": null, "area_sqkm": 24835.02088914, "version": "v01", "lang": "fr", "lang1": null, "lang2": null, "lang3": null, "center_lat": 12.07476165, "center_lon": 21.87405436 }, "geometry": { "type": "Polygon", "coordinates": [ [ [ 21.911454741999989, 12.675220545000172 ], [ 21.890496921000135, 12.695216085000084 ], [ 21.865198916000111, 12.727036364000071 ], [ 21.859078633000081, 12.761800091999987 ], [ 21.839103430000137, 12.785474842000042 ], [ 21.815398422000044, 12.808919896000134 ], [ 21.776000000000181, 12.816 ], [ 21.743, 12.826 ], [ 21.681000001000143, 12.861 ], [ 21.657000000999972, 12.886000000000138 ], [ 21.625, 12.979000001000088 ], [ 21.63, 13.059000001000072 ], [ 21.62200000100006, 13.094000001000154 ], [ 21.627000001000056, 13.159000000999981 ], [ 21.632000000000119, 13.209000000000174 ], [ 21.570000000000164, 13.184 ], [ 21.49470288200007, 13.15386957700008 ], [ 21.446, 13.146000001000118 ], [ 21.408000001000175, 13.145 ], [ 21.296907741000098, 13.119635802 ], [ 21.15200000100009, 13.094 ], [ 21.095, 13.081000000000188 ], [ 20.964, 13.045000001000062 ], [ 20.874, 13.041000001000043 ], [ 20.763, 13.017000001000042 ], [ 20.76300000100008, 12.978000000000179 ], [ 20.773000000000138, 12.93200000000013 ], [ 20.779532422999978, 12.886693302000083 ], [ 20.845000001000187, 12.866000001000089 ], [ 20.887000000000114, 12.858000000000118 ], [ 20.91500000100018, 12.853000000000122 ], [ 20.941, 12.800000001000114 ], [ 20.92900000100019, 12.752 ], [ 20.932000000000187, 12.694000001 ], [ 21.022000001000038, 12.658 ], [ 21.095829171000162, 12.639915251000048 ], [ 21.139000000000124, 12.649 ], [ 21.224000000000103, 12.670000001000062 ], [ 21.269000001000109, 12.672 ], [ 21.313000001000034, 12.665000000000134 ], [ 21.358000001000107, 12.647000000000105 ], [ 21.353, 12.556 ], [ 21.339, 12.521 ], [ 21.310000001000162, 12.490000001000112 ], [ 21.303000000000168, 12.442999999000108 ], [ 21.28100000000012, 12.402000000000157 ], [ 21.229, 12.373 ], [ 21.209421429000145, 12.275202702000058 ], [ 21.237, 12.194 ], [ 21.259000001000118, 12.124 ], [ 21.273, 12.091 ], [ 21.255, 12.050000000000125 ], [ 21.244, 12.022000000000162 ], [ 21.230999999000119, 11.986000000000104 ], [ 21.216, 11.942000000000178 ], [ 21.188000001000148, 11.906000001 ], [ 21.136, 11.857 ], [ 21.119, 11.79300000000012 ], [ 21.114000001000136, 11.761000001000184 ], [ 21.065000000999987, 11.693000001000087 ], [ 21.055860278000068, 11.663709033000032 ], [ 21.099000500000102, 11.64 ], [ 21.096106537000026, 11.546021008000025 ], [ 21.16707, 11.56008 ], [ 21.401532001000021, 11.599910001000069 ], [ 21.56002641200007, 11.626834440000152 ], [ 21.952226001000042, 11.704763000000185 ], [ 22.020205558000157, 11.657406791000085 ], [ 22.16299999600011, 11.633999999000025 ], [ 22.464054789000102, 10.997677943000099 ], [ 22.491513089000023, 11.002534283000102 ], [ 22.51703589300007, 11.012652269000057 ], [ 22.546603079000079, 11.0007837120001 ], [ 22.58419879700017, 10.996693204000053 ], [ 22.621047468000029, 10.999186251000026 ], [ 22.644985215000077, 10.991838881000149 ], [ 22.674293386000045, 10.986899636000089 ], [ 22.711995530000081, 10.979317303000073 ], [ 22.73977123200018, 10.975858918000029 ], [ 22.765100838000023, 10.953413795000131 ], [ 22.799895031000062, 10.947097891000169 ], [ 22.835036658999968, 10.94085089500004 ], [ 22.875102232000074, 10.940785987000027 ], [ 22.889853034000055, 10.96566185000006 ], [ 22.898141929000076, 10.993069631000026 ], [ 22.906406949000029, 11.019481546000179 ], [ 22.914178520000121, 11.046153998000079 ], [ 22.921408949000181, 11.071346614000163 ], [ 22.929145741000127, 11.096524816000112 ], [ 22.943866761000095, 11.128234956000142 ], [ 22.958320473000185, 11.159203061000142 ], [ 22.97386189000008, 11.192876313000056 ], [ 22.986734888000058, 11.230102008000188 ], [ 22.982044803000065, 11.27003986200009 ], [ 22.979227054999967, 11.30470247400018 ], [ 22.940657952000095, 11.318561572000078 ], [ 22.934879088000116, 11.360151017000135 ], [ 22.936704796000186, 11.389465670000106 ], [ 22.941571575000069, 11.41919493 ], [ 22.91091770800017, 11.423512805000144 ], [ 22.883610352000062, 11.421266495999987 ], [ 22.855797505, 11.419030897000027 ], [ 22.818607075000045, 11.415301311000178 ], [ 22.784535543, 11.414968535000185 ], [ 22.777197772000136, 11.451011421000032 ], [ 22.746990745000062, 11.481443525000032 ], [ 22.710089260000075, 11.498112356000149 ], [ 22.682093382000062, 11.508317905000183 ], [ 22.659112952999976, 11.517393108000078 ], [ 22.633904267, 11.537482979000117 ], [ 22.606915684000114, 11.56658493499998 ], [ 22.592353333000062, 11.588386584999967 ], [ 22.575796842000159, 11.6112377 ], [ 22.559170634000111, 11.631600734000187 ], [ 22.558589391000055, 11.665986254000074 ], [ 22.556810413000164, 11.693429979000143 ], [ 22.561953419000076, 11.733641093000074 ], [ 22.569669753000085, 11.784491906000142 ], [ 22.577077529000178, 11.823892938000029 ], [ 22.582971982000174, 11.854118554000138 ], [ 22.595967242000029, 11.903078588000142 ], [ 22.610460799000066, 11.950998446000028 ], [ 22.625499891000061, 12.003935643000034 ], [ 22.645583648000127, 12.061820554000121 ], [ 22.58703829500007, 12.06186491200009 ], [ 22.492812339000068, 12.023407796000072 ], [ 22.477141958000118, 12.053948299000069 ], [ 22.485395302000029, 12.08765838100004 ], [ 22.489618968000059, 12.112660314000038 ], [ 22.494046800000149, 12.147352190000049 ], [ 22.490005833, 12.183262650000131 ], [ 22.475823865000052, 12.225840040000151 ], [ 22.453714359000173, 12.268065679000074 ], [ 22.4440457930001, 12.304471004 ], [ 22.435546581000096, 12.331607851000115 ], [ 22.431394794000084, 12.366829219000067 ], [ 22.42380026800015, 12.395284685000092 ], [ 22.402698101000055, 12.419007088000114 ], [ 22.375173394, 12.440220314000044 ], [ 22.386752169000147, 12.464205367000147 ], [ 22.401069100000029, 12.489299314000107 ], [ 22.424994655000148, 12.512005907000116 ], [ 22.441169946000059, 12.543113935000065 ], [ 22.476023984, 12.632159868000031 ], [ 22.448318255000117, 12.637171102000082 ], [ 22.418176117000144, 12.644774926000025 ], [ 22.328776850000054, 12.675893171000041 ], [ 22.206509708000169, 12.751643878000039 ], [ 22.20088806300015, 12.712108699000169 ], [ 22.1679649350001, 12.679591495000125 ], [ 22.129023975000109, 12.663405906000037 ], [ 22.092929266000112, 12.657214237000119 ], [ 22.057395439000175, 12.651797488000057 ], [ 22.032176134999986, 12.648223887000029 ], [ 22.004505000000108, 12.643916127000125 ], [ 21.968414287000087, 12.637969352000027 ], [ 21.93409744500002, 12.64803578100009 ], [ 21.911454741999989, 12.675220545000172 ] ] ] } },
{ "type": "Feature", "properties": { "adm1_name": "TANDJILÉ", "adm1_name1": null, "adm1_name2": null, "adm1_name3": null, "adm1_pcode": "TCD16", "adm0_name": "Tchad", "adm0_name1": null, "adm0_name2": null, "adm0_name3": null, "adm0_pcode": "TCD", "valid_on": "2025-02-12", "valid_to": null, "area_sqkm": 17497.217610029998, "version": "v01", "lang": "fr", "lang1": null, "lang2": null, "lang3": null, "center_lat": 9.648009, "center_lon": 16.65249823 }, "geometry": { "type": "Polygon", "coordinates": [ [ [ 16.756976236000128, 10.032526079999968 ], [ 16.737831848999974, 10.053094825000187 ], [ 16.703123466000136, 10.066506208000078 ], [ 16.668821356000024, 10.070047763000105 ], [ 16.646958701000074, 10.106146233000118 ], [ 16.632469955000147, 10.140001310000116 ], [ 16.617964381000036, 10.182084236000037 ], [ 16.611735054, 10.229876424000054 ], [ 16.584000001, 10.265 ], [ 16.483000001000107, 10.2 ], [ 16.233984888, 10.190969195000037 ], [ 16.240999001000148, 10.134 ], [ 16.242588515000023, 10.095870136000144 ], [ 16.262999999000101, 10.031 ], [ 16.245513478000191, 10.006509016000109 ], [ 16.229078001000175, 9.983490001 ], [ 16.217859000000146, 9.948739 ], [ 16.201672, 9.9109610000001 ], [ 16.185318000000109, 9.885835001000146 ], [ 16.161541501000102, 9.854938876 ], [ 16.137997, 9.810439000000144 ], [ 16.101008250000064, 9.769918500000131 ], [ 16.067469, 9.740529001000027 ], [ 16.032530000000179, 9.701885000000118 ], [ 15.997744001000115, 9.684325001000161 ], [ 15.967627216000039, 9.664546983000093 ], [ 15.923651501000052, 9.655018 ], [ 15.889178000000129, 9.676120000000139 ], [ 15.880268667000053, 9.701816543000064 ], [ 15.850551768000173, 9.714511869000091 ], [ 15.799924226000087, 9.719215858000041 ], [ 15.764713500000141, 9.712169001000063 ], [ 15.726313915000048, 9.67146194999998 ], [ 15.714000001000102, 9.602000001000022 ], [ 15.69, 9.590000001000135 ], [ 15.676718931000096, 9.535186626000154 ], [ 15.665, 9.504 ], [ 15.612466376000157, 9.461556496000128 ], [ 15.586952661000112, 9.439865289000124 ], [ 15.551259400999982, 9.401406421000047 ], [ 15.527466261000086, 9.37230708300001 ], [ 15.484000001000084, 9.319000000000131 ], [ 15.475, 9.289 ], [ 15.445000001000153, 9.242 ], [ 15.417012401000079, 9.209005600000182 ], [ 15.433582458000046, 9.177119429000072 ], [ 15.433000001000039, 9.135 ], [ 15.432000000000187, 9.092000001000144 ], [ 15.439200001000017, 9.06720000100006 ], [ 15.573000001000082, 9.022999999000092 ], [ 15.602000000000146, 9.033000000000129 ], [ 15.652, 9.061000001000082 ], [ 15.682500000000118, 9.056000000000154 ], [ 15.713000001000125, 9.051 ], [ 15.778, 9.051 ], [ 15.819000001, 9.039000000000101 ], [ 15.859, 9.053001001000098 ], [ 15.900636783999971, 9.053909243000078 ], [ 15.932769478000182, 9.067385183000113 ], [ 15.953234666000071, 9.103727734000131 ], [ 15.984, 9.129 ], [ 16.044021818000147, 9.128718035000077 ], [ 16.097161061000179, 9.098271255000157 ], [ 16.131548064000071, 9.083644623000168 ], [ 16.15706087000018, 9.079562575000125 ], [ 16.187000001000115, 9.098000000000184 ], [ 16.202000000000169, 9.122000000000128 ], [ 16.21355607400011, 9.153804226000148 ], [ 16.239, 9.165000000000134 ], [ 16.28111687300003, 9.176436722000119 ], [ 16.334999001000142, 9.225 ], [ 16.364, 9.245000000000118 ], [ 16.381001001000129, 9.210000001000083 ], [ 16.410999000000174, 9.181 ], [ 16.414000000000158, 9.15000000100008 ], [ 16.432794043000058, 9.11857197400019 ], [ 16.467267966000065, 9.132000000000119 ], [ 16.54355312399997, 9.152970967000044 ], [ 16.571767554000132, 9.151278707000188 ], [ 16.596218026000088, 9.149019877000171 ], [ 16.629462461000173, 9.121598473000063 ], [ 16.654525828000089, 9.106091549999974 ], [ 16.68421071299997, 9.112892695000028 ], [ 16.713323228000093, 9.099133105000021 ], [ 16.772609382000041, 9.070955187000038 ], [ 16.855459365000058, 9.062836856000104 ], [ 16.986217226000178, 9.050020914000186 ], [ 17.014054088000023, 9.055290281000168 ], [ 17.134321345999979, 9.077921883000045 ], [ 17.176974544000075, 9.120769038999981 ], [ 17.222, 9.166000000000111 ], [ 17.075001002000079, 9.260999999000148 ], [ 17.201, 9.355 ], [ 17.229000500000041, 9.382 ], [ 17.228859500000112, 9.421268096000176 ], [ 17.22800100000012, 9.469999999000038 ], [ 17.257, 9.492000000000189 ], [ 17.235398606999979, 9.51930758300017 ], [ 17.216000001000054, 9.54500000000013 ], [ 17.209000001000163, 9.576 ], [ 17.250999001000082, 9.596000000000174 ], [ 17.288, 9.601000000000113 ], [ 17.316999001000056, 9.594000001000154 ], [ 17.365937416000122, 9.606909252000037 ], [ 17.421754658000111, 9.61879855300009 ], [ 17.448999001000061, 9.632 ], [ 17.483999, 9.641000001000123 ], [ 17.507000001000051, 9.616 ], [ 17.554015695000089, 9.597018893000154 ], [ 17.575001000000157, 9.62400000100007 ], [ 17.591000000000179, 9.673 ], [ 17.521000000000129, 9.740000001000112 ], [ 17.461000001, 9.785000001000185 ], [ 17.38187857600019, 9.825550066000062 ], [ 17.322000750000086, 9.826999996000097 ], [ 17.256000501000187, 9.839999999000042 ], [ 17.218000001000178, 9.857 ], [ 17.188000000000159, 9.871 ], [ 17.164000000000158, 9.920000001000062 ], [ 17.098000000000184, 9.931000000999973 ], [ 17.039989839000043, 9.945000631000028 ], [ 16.972810304000063, 9.948850064000112 ], [ 16.941957498000079, 9.945135066999967 ], [ 16.921030007000013, 9.975772597000059 ], [ 16.891180256000041, 9.99147133200006 ], [ 16.850000001000069, 10.002 ], [ 16.809999282000035, 10.013999915000056 ], [ 16.775167888, 10.012183255000025 ], [ 16.756976236000128, 10.032526079999968 ] ] ] } },
{ "type": "Feature", "properties": { "adm1_name": "TIBESTI", "adm1_name1": null, "adm1_name2": null, "adm1_name3": null, "adm1_pcode": "TCD22", "adm0_name": "Tchad", "adm0_name1": null, "adm0_name2": null, "adm0_name3": null, "adm0_pcode": "TCD", "valid_on": "2025-02-12", "valid_to": null, "area_sqkm": 213589.95991437, "version": "v01", "lang": "fr", "lang1": null, "lang2": null, "lang3": null, "center_lat": 20.17617851, "center_lon": 18.23665746 }, "geometry": { "type": "Polygon", "coordinates": [ [ [ 19.510064228000147, 20.000507064000146 ], [ 20.49392100100016, 20.000660027000094 ], [ 20.980485348000116, 21.001269154999989 ], [ 16.914165154000045, 23.019116860000111 ], [ 16.026380365000023, 23.4597494140001 ], [ 15.750463215000082, 23.337016221000056 ], [ 15.638507549, 23.287009786999988 ], [ 14.999023386000033, 22.999105961000055 ], [ 15.052763684000126, 22.72003685400017 ], [ 15.198318470000061, 21.990478794000069 ], [ 15.200465893000171, 21.719159644000115 ], [ 15.200159429000053, 21.496560753999972 ], [ 15.282173512000156, 21.4479358050001 ], [ 15.349018150000063, 21.296765983000114 ], [ 15.586745796000116, 20.999373558000116 ], [ 15.611079000000132, 20.961577 ], [ 15.550347000000102, 20.871149 ], [ 15.56249499900008, 20.81463100000019 ], [ 15.598933, 20.74680999900005 ], [ 15.647519, 20.701596000000109 ], [ 15.768983001000151, 20.599865000000136 ], [ 15.817567, 20.498132999000177 ], [ 15.926885, 20.396402 ], [ 15.996052999000028, 20.351697 ], [ 15.774567, 19.970601000000158 ], [ 15.637449608000168, 18.998818584000048 ], [ 15.598933, 18.723483000000101 ], [ 15.568852793000133, 17.996441747000176 ], [ 15.539435175000108, 17.00371772200009 ], [ 15.530971409000017, 16.707053350000024 ], [ 16.518049937000058, 18.816509508000024 ], [ 17.705467232000046, 18.821224018 ], [ 18.775146759000108, 18.826159866000012 ], [ 18.897731940000085, 18.667820676000133 ], [ 19.189557239000067, 18.648599841000078 ], [ 19.504954360000113, 18.652070698000159 ], [ 19.510064228000147, 20.000507064000146 ] ] ] } },
{ "type": "Feature", "properties": { "adm1_name": "WADI FIRA", "adm1_name1": null, "adm1_name2": null, "adm1_name3": null, "adm1_pcode": "TCD17", "adm0_name": "Tchad", "adm0_name1": null, "adm0_name2": null, "adm0_name3": null, "adm0_pcode": "TCD", "valid_on": "2025-02-12", "valid_to": null, "area_sqkm": 51646.540970440001, "version": "v01", "lang": "fr", "lang1": null, "lang2": null, "lang3": null, "center_lat": 14.93962637, "center_lon": 21.40206508 }, "geometry": { "type": "Polygon", "coordinates": [ [ [ 22.276160348000019, 15.903010253000161 ], [ 22.243782999000132, 15.914172 ], [ 22.181959001000166, 15.931662000000188 ], [ 22.121695, 15.945269 ], [ 22.070492000000115, 15.96433 ], [ 22.015278, 15.984883000000139 ], [ 21.982289152000135, 15.966274237000107 ], [ 21.945012001, 15.945269 ], [ 21.863011395000058, 15.923121338000158 ], [ 21.769297000000165, 15.897608 ], [ 21.688529412000094, 15.890093789000105 ], [ 21.567418670000109, 15.895467492000023 ], [ 21.483339325000031, 15.898538603000191 ], [ 21.424947235000161, 15.867012215000102 ], [ 21.355449001000068, 15.880996 ], [ 21.29121604400018, 15.873850948000097 ], [ 21.190178000000174, 15.877453 ], [ 21.099321000000145, 15.829176 ], [ 21.100798291000103, 15.777490353000076 ], [ 21.101623000000188, 15.729417000000183 ], [ 21.011908344, 15.687036619000025 ], [ 20.983653616000083, 15.673750567000127 ], [ 20.943012613000178, 15.65464019000018 ], [ 20.831952001000047, 15.6040670000001 ], [ 20.731686001000128, 15.57034800100007 ], [ 20.678068103000044, 15.588861009000084 ], [ 20.641254001000107, 15.596406 ], [ 20.594425275999981, 15.612026539999988 ], [ 20.547545937000109, 15.628485978000128 ], [ 20.496238001000052, 15.654044001000159 ], [ 20.40362361800004, 15.640819546000102 ], [ 20.319709001000035, 15.618037000000129 ], [ 20.251534001000039, 15.631045 ], [ 20.097619, 15.727403001000084 ], [ 20.043000001000166, 15.742000000000189 ], [ 20.044000001000143, 15.661 ], [ 20.056885993000151, 14.529579990000116 ], [ 20.062000964000163, 14.082392471 ], [ 20.13611950100011, 14.158025500000065 ], [ 20.18737, 14.229099 ], [ 20.210429001000023, 14.260120000000143 ], [ 20.241509, 14.299147001000108 ], [ 20.288315000000182, 14.325082 ], [ 20.35780700100014, 14.386205 ], [ 20.486000001000093, 14.376 ], [ 20.533000000000186, 14.398 ], [ 20.606, 14.41400000100009 ], [ 20.662000000999967, 14.395000001000085 ], [ 20.718, 14.379 ], [ 20.767000001000099, 14.367000001000122 ], [ 20.846, 14.320000001000096 ], [ 20.923000001000048, 14.250000001000103 ], [ 20.962000000999979, 14.196999999000127 ], [ 21.005, 14.153000001 ], [ 21.032, 14.142000001000099 ], [ 21.084000000000117, 14.139000000000124 ], [ 21.109054280000066, 14.128560718000017 ], [ 21.142, 14.096000000000117 ], [ 21.197036, 14.07937100100014 ], [ 21.253000000999975, 14.039000000000158 ], [ 21.314000001000181, 14.06800000100003 ], [ 21.382000001000108, 14.111000001000036 ], [ 21.437000001000115, 14.126000023000188 ], [ 21.503999981000106, 14.115000032000125 ], [ 21.554999982000027, 14.101000032000115 ], [ 21.584999981000067, 14.099000031000116 ], [ 21.670999980999966, 14.092000030000122 ], [ 21.777999981, 14.060000031000186 ], [ 21.982999980000159, 14.00200003100008 ], [ 22.01799998000007, 13.989000031000046 ], [ 22.08899998000004, 13.968000031000088 ], [ 22.129999979, 13.947000031000186 ], [ 22.171163541999988, 13.918634662000045 ], [ 22.199160987000084, 13.917696221000142 ], [ 22.225471726000023, 13.946055366999985 ], [ 22.298376633000146, 13.981982893000122 ], [ 22.323356783, 14.012496857000087 ], [ 22.361866548000023, 14.023264836000124 ], [ 22.404132873000094, 14.05336582100017 ], [ 22.439672697000105, 14.068919028000153 ], [ 22.463045420000128, 14.080707807000067 ], [ 22.487821568000015, 14.108271098000102 ], [ 22.513707377000173, 14.115658342000074 ], [ 22.540149120000137, 14.122017675000166 ], [ 22.555126938, 14.155916901000126 ], [ 22.56997857000016, 14.190248599000029 ], [ 22.547633193000024, 14.218560255000057 ], [ 22.515339121000181, 14.239207811000085 ], [ 22.482242504999988, 14.247754012000144 ], [ 22.450452669000128, 14.269553565000024 ], [ 22.426559435000115, 14.303038272000094 ], [ 22.454738566000117, 14.33556657500003 ], [ 22.436954651000121, 14.379261894000081 ], [ 22.432241912000165, 14.405837120000172 ], [ 22.439532585000052, 14.435612679000087 ], [ 22.441446888000087, 14.46146642500014 ], [ 22.437364967000121, 14.491091173000086 ], [ 22.413551035000069, 14.50634048600017 ], [ 22.387751509000054, 14.514660506000041 ], [ 22.389851423000096, 14.540852561000122 ], [ 22.405079773000125, 14.584894556999984 ], [ 22.448909424000078, 14.607432117000144 ], [ 22.474211827999966, 14.628440001000172 ], [ 22.502338523999981, 14.640865175000044 ], [ 22.545866733000082, 14.648541493000153 ], [ 22.580895557000076, 14.653456505000065 ], [ 22.718538973000136, 14.694584280000072 ], [ 22.711446383, 14.728123974000141 ], [ 22.672225143000105, 14.863653311 ], [ 22.716485754000189, 14.897280949000105 ], [ 22.751127151000162, 14.916710513999988 ], [ 22.752701388000105, 14.962542224000117 ], [ 22.779349825000111, 14.992557608000084 ], [ 22.796523676000106, 15.01050444599997 ], [ 22.819542315000149, 15.034349476000102 ], [ 22.854573029000107, 15.058889101000091 ], [ 22.876355523000143, 15.084479943000076 ], [ 22.901375396000049, 15.091566466000131 ], [ 22.932986243000073, 15.102441402000181 ], [ 22.933186093000131, 15.141724647000046 ], [ 22.945142278000048, 15.173173255000108 ], [ 22.96717879900018, 15.185544592000042 ], [ 22.982485173999976, 15.209210343 ], [ 23.001074224000092, 15.230451272000039 ], [ 22.990813494000065, 15.259437498000125 ], [ 22.991466737000167, 15.289893727000049 ], [ 23.002280561000191, 15.3146477250001 ], [ 22.993006944000172, 15.349424198000065 ], [ 22.992976529000032, 15.398510341000076 ], [ 22.97441588900017, 15.431244157000094 ], [ 22.95385276900015, 15.448812250000174 ], [ 22.931089735000057, 15.468630397000084 ], [ 22.922923439000101, 15.498627412000019 ], [ 22.842165320000163, 15.578597483000124 ], [ 22.801008996000121, 15.607021 ], [ 22.751956996, 15.64964299900015 ], [ 22.696780997000019, 15.693203 ], [ 22.619536997000182, 15.728055999000105 ], [ 22.536636498000121, 15.762306 ], [ 22.453735998000127, 15.796555999000191 ], [ 22.365394998999989, 15.814051999000071 ], [ 22.322746999, 15.886950000000127 ], [ 22.276160348000019, 15.903010253000161 ] ] ] } }
]
}
